Batch,Sample Type,Inject Order,Sample Name,File Name,Bio Group
B1,Blank,1,BLANK1-1,P0014_6600_0106_POS_BLANK1-1_50-2uL_C18-25.5min_R1,Invalid
B1,Blank,2,BLANK1-2,P0014_6600_0106_POS_BLANK1-2_50-2uL_C18-25.5min_R2,Invalid
B1,Blank,3,BLANK1-3,P0014_6600_0106_POS_BLANK1-3_50-2uL_C18-25.5min_R3,Invalid
B1,Blank,4,BLANK1-4,P0014_6600_0106_POS_BLANK1-4_50-2uL_C18-25.5min_R4,Invalid
B1,QC,11,QC1-1,P0014_6600_0106_POS_QC1-1_50-2uL_C18-25.5min_R11,Invalid
B1,Sample,12,B1-001,P0014_6600_0106_POS_B1-001_50-2uL_C18-25.5min_R12,SG-2
B1,Sample,13,B1-004,P0014_6600_0106_POS_B1-004_50-2uL_C18-25.5min_R13,SG-2
B1,Sample,14,B1-005,P0014_6600_0106_POS_B1-005_50-2uL_C18-25.5min_R14,SG-1
B1,Sample,15,B1-008,P0014_6600_0106_POS_B1-008_50-2uL_C18-25.5min_R15,SG-2
B1,Sample,16,B1-010,P0014_6600_0106_POS_B1-010_50-2uL_C18-25.5min_R16,SG-2
B1,Sample,17,B1-011,P0014_6600_0106_POS_B1-011_50-2uL_C18-25.5min_R17,SG-2
B1,Sample,18,B1-013,P0014_6600_0106_POS_B1-013_50-2uL_C18-25.5min_R18,SG-2
B1,Sample,19,B1-014,P0014_6600_0106_POS_B1-014_50-2uL_C18-25.5min_R19,SG-2
B1,Sample,20,B1-017,P0014_6600_0106_POS_B1-017_50-2uL_C18-25.5min_R20,SG-2
B1,Sample,21,B1-019,P0014_6600_0106_POS_B1-019_50-2uL_C18-25.5min_R21,SG-2
B1,QC,22,QC1-2,P0014_6600_0106_POS_QC1-2_50-2uL_C18-25.5min_R22,Invalid
B1,Sample,24,B1-021,P0014_6600_0106_POS_B1-021_50-2uL_C18-25.5min_R24,SG-2
B1,Sample,25,B1-028,P0014_6600_0106_POS_B1-028_50-2uL_C18-25.5min_R25,SG-2
B1,Sample,26,B1-030,P0014_6600_0106_POS_B1-030_50-2uL_C18-25.5min_R26,SG-2
B1,Sample,27,B1-082,P0014_6600_0106_POS_B1-082_50-2uL_C18-25.5min_R27,SG-2
B1,Sample,28,B1-084,P0014_6600_0106_POS_B1-084_50-2uL_C18-25.5min_R28,SG-2
B1,Sample,29,B1-085,P0014_6600_0106_POS_B1-085_50-2uL_C18-25.5min_R29,SG-2
B1,Sample,30,B1-086,P0014_6600_0106_POS_B1-086_50-2uL_C18-25.5min_R30,SG-2
B1,Sample,31,B1-088,P0014_6600_0106_POS_B1-088_50-2uL_C18-25.5min_R31,SG-2
B1,Sample,32,B1-089,P0014_6600_0106_POS_B1-089_50-2uL_C18-25.5min_R32,SG-2
B1,Sample,33,B1-090,P0014_6600_0106_POS_B1-090_50-2uL_C18-25.5min_R33,SG-2
B1,QC,34,QC1-3,P0014_6600_0106_POS_QC1-3_50-2uL_C18-25.5min_R34,Invalid
B1,Blank,35,BLANK1-5,P0014_6600_0106_POS_BLANK1-5_50-2uL_C18-25.5min_R35,Invalid
B1,Sample,36,B1-091,P0014_6600_0106_POS_B1-091_50-2uL_C18-25.5min_R36,SG-2
B1,Sample,37,B1-092,P0014_6600_0106_POS_B1-092_50-2uL_C18-25.5min_R37,SG-2
B1,Sample,38,B1-094,P0014_6600_0106_POS_B1-094_50-2uL_C18-25.5min_R38,SG-2
B1,Sample,39,B1-095,P0014_6600_0106_POS_B1-095_50-2uL_C18-25.5min_R39,SG-0
B1,Sample,40,B1-096,P0014_6600_0106_POS_B1-096_50-2uL_C18-25.5min_R40,SG-2
B1,Sample,41,B1-097,P0014_6600_0106_POS_B1-097_50-2uL_C18-25.5min_R41,SG-2
B1,Sample,42,B1-099,P0014_6600_0106_POS_B1-099_50-2uL_C18-25.5min_R42,SG-2
B1,Sample,43,B1-102,P0014_6600_0106_POS_B1-102_50-2uL_C18-25.5min_R43,SG-2
B1,Sample,44,B1-103,P0014_6600_0106_POS_B1-103_50-2uL_C18-25.5min_R44,SG-1
B1,Sample,45,B1-105,P0014_6600_0106_POS_B1-105_50-2uL_C18-25.5min_R45,SG-2
B1,QC,46,QC1-4,P0014_6600_0106_POS_QC1-4_50-2uL_C18-25.5min_R46,Invalid
B1,Sample,48,B1-107,P0014_6600_0106_POS_B1-107_50-2uL_C18-25.5min_R48,SG-2
B1,Sample,49,B1-110,P0014_6600_0106_POS_B1-110_50-2uL_C18-25.5min_R49,SG-2
B1,Sample,50,B1-111,P0014_6600_0106_POS_B1-111_50-2uL_C18-25.5min_R50,SG-2
B1,Sample,51,B1-113,P0014_6600_0106_POS_B1-113_50-2uL_C18-25.5min_R51,SG-2
B1,Sample,52,B1-114,P0014_6600_0106_POS_B1-114_50-2uL_C18-25.5min_R52,SG-2
B1,Sample,53,B1-115,P0014_6600_0106_POS_B1-115_50-2uL_C18-25.5min_R53,SG-0
B1,Sample,54,B1-116,P0014_6600_0106_POS_B1-116_50-2uL_C18-25.5min_R54,SG-0
B1,Sample,55,B1-117,P0014_6600_0106_POS_B1-117_50-2uL_C18-25.5min_R55,SG-0
B1,Sample,56,B1-118,P0014_6600_0106_POS_B1-118_50-2uL_C18-25.5min_R56,SG-0
B1,Sample,57,B1-119,P0014_6600_0106_POS_B1-119_50-2uL_C18-25.5min_R57,SG-0
B1,QC,58,QC1-5,P0014_6600_0106_POS_QC1-5_50-2uL_C18-25.5min_R58,Invalid
B1,Sample,60,B1-120,P0014_6600_0106_POS_B1-120_50-2uL_C18-25.5min_R60,SG-2
B1,Sample,61,B1-121,P0014_6600_0106_POS_B1-121_50-2uL_C18-25.5min_R61,SG-2
B1,Sample,62,B1-122,P0014_6600_0106_POS_B1-122_50-2uL_C18-25.5min_R62,SG-2
B1,Sample,63,B1-123,P0014_6600_0106_POS_B1-123_50-2uL_C18-25.5min_R63,SG-0
B1,Sample,64,B1-124,P0014_6600_0106_POS_B1-124_50-2uL_C18-25.5min_R64,SG-2
B1,Sample,65,B1-125,P0014_6600_0106_POS_B1-125_50-2uL_C18-25.5min_R65,SG-1
B1,Sample,66,B1-126,P0014_6600_0106_POS_B1-126_50-2uL_C18-25.5min_R66,SG-0
B1,Sample,67,B1-128,P0014_6600_0106_POS_B1-128_50-2uL_C18-25.5min_R67,SG-0
B1,Sample,68,B1-130,P0014_6600_0106_POS_B1-130_50-2uL_C18-25.5min_R68,SG-1
B1,Sample,69,B1-131,P0014_6600_0106_POS_B1-131_50-2uL_C18-25.5min_R69,SG-1
B1,QC,70,QC1-6,P0014_6600_0106_POS_QC1-6_50-2uL_C18-25.5min_R70,Invalid
B1,Blank,71,BLANK1-6,P0014_6600_0106_POS_BLANK1-6_50-2uL_C18-25.5min_R71,Invalid
B1,Sample,72,B1-132,P0014_6600_0106_POS_B1-132_50-2uL_C18-25.5min_R72,SG-0
B1,Sample,73,B1-133,P0014_6600_0106_POS_B1-133_50-2uL_C18-25.5min_R73,SG-2
B1,Sample,74,B1-134,P0014_6600_0106_POS_B1-134_50-2uL_C18-25.5min_R74,SG-2
B1,Sample,75,B1-135,P0014_6600_0106_POS_B1-135_50-2uL_C18-25.5min_R75,SG-0
B1,Sample,76,B1-136,P0014_6600_0106_POS_B1-136_50-2uL_C18-25.5min_R76,SG-0
B1,Sample,77,B1-137,P0014_6600_0106_POS_B1-137_50-2uL_C18-25.5min_R77,SG-0
B1,Sample,78,B1-138,P0014_6600_0106_POS_B1-138_50-2uL_C18-25.5min_R78,SG-0
B1,Sample,79,B1-139,P0014_6600_0106_POS_B1-139_50-2uL_C18-25.5min_R79,SG-1
B1,Sample,80,B1-140,P0014_6600_0106_POS_B1-140_50-2uL_C18-25.5min_R80,SG-0
B1,Sample,81,B1-141,P0014_6600_0106_POS_B1-141_50-2uL_C18-25.5min_R81,SG-0
B1,QC,82,QC1-7,P0014_6600_0106_POS_QC1-7_50-2uL_C18-25.5min_R82,Invalid
B1,Sample,84,B1-142,P0014_6600_0106_POS_B1-142_50-2uL_C18-25.5min_R84,SG-0
B1,Sample,85,B1-143,P0014_6600_0106_POS_B1-143_50-2uL_C18-25.5min_R85,SG-1
B1,Sample,86,B1-144,P0014_6600_0106_POS_B1-144_50-2uL_C18-25.5min_R86,SG-2
B1,Sample,87,B1-145,P0014_6600_0106_POS_B1-145_50-2uL_C18-25.5min_R87,SG-0
B1,Sample,88,B1-146,P0014_6600_0106_POS_B1-146_50-2uL_C18-25.5min_R88,SG-2
B1,Sample,89,B1-147,P0014_6600_0106_POS_B1-147_50-2uL_C18-25.5min_R89,SG-0
B1,Sample,90,B1-148,P0014_6600_0106_POS_B1-148_50-2uL_C18-25.5min_R90,SG-0
B1,Sample,91,B1-149,P0014_6600_0106_POS_B1-149_50-2uL_C18-25.5min_R91,SG-1
B1,Sample,92,B1-151,P0014_6600_0106_POS_B1-151_50-2uL_C18-25.5min_R92,SG-0
B1,Sample,93,B1-152,P0014_6600_0106_POS_B1-152_50-2uL_C18-25.5min_R93,SG-0
B1,QC,94,QC1-8,P0014_6600_0106_POS_QC1-8_50-2uL_C18-25.5min_R94,Invalid
B1,Sample,96,B1-153,P0014_6600_0106_POS_B1-153_50-2uL_C18-25.5min_R96,SG-0
B1,Sample,97,B1-157,P0014_6600_0106_POS_B1-157_50-2uL_C18-25.5min_R97,SG-1
B1,Sample,98,B1-158,P0014_6600_0106_POS_B1-158_50-2uL_C18-25.5min_R98,SG-2
B1,Sample,99,B1-160,P0014_6600_0106_POS_B1-160_50-2uL_C18-25.5min_R99,SG-0
B1,Sample,100,B1-161,P0014_6600_0106_POS_B1-161_50-2uL_C18-25.5min_R100,SG-0
B1,Sample,101,B1-162,P0014_6600_0106_POS_B1-162_50-2uL_C18-25.5min_R101,SG-0
B1,Sample,102,B1-163,P0014_6600_0106_POS_B1-163_50-2uL_C18-25.5min_R102,SG-2
B1,Sample,103,B1-164,P0014_6600_0106_POS_B1-164_50-2uL_C18-25.5min_R103,SG-0
B1,Sample,104,B1-167,P0014_6600_0106_POS_B1-167_50-2uL_C18-25.5min_R104,SG-0
B1,Sample,105,B1-168,P0014_6600_0106_POS_B1-168_50-2uL_C18-25.5min_R105,SG-2
B1,QC,106,QC1-9,P0014_6600_0106_POS_QC1-9_50-2uL_C18-25.5min_R106,Invalid
B1,Blank,107,BLANK1-7,P0014_6600_0106_POS_BLANK1-7_50-2uL_C18-25.5min_R107,Invalid
B1,Sample,108,B1-170,P0014_6600_0106_POS_B1-170_50-2uL_C18-25.5min_R108,SG-0
B1,Sample,109,B1-171,P0014_6600_0106_POS_B1-171_50-2uL_C18-25.5min_R109,SG-0
B1,Sample,110,B1-174,P0014_6600_0106_POS_B1-174_50-2uL_C18-25.5min_R110,SG-0
B1,Sample,111,B1-179,P0014_6600_0106_POS_B1-179_50-2uL_C18-25.5min_R111,SG-0
B1,Sample,112,B1-182,P0014_6600_0106_POS_B1-182_50-2uL_C18-25.5min_R112,SG-0
B1,Sample,113,B1-183,P0014_6600_0106_POS_B1-183_50-2uL_C18-25.5min_R113,SG-2
B1,Sample,114,B1-184,P0014_6600_0106_POS_B1-184_50-2uL_C18-25.5min_R114,SG-1
B1,Sample,115,B1-185,P0014_6600_0106_POS_B1-185_50-2uL_C18-25.5min_R115,SG-0
B1,Sample,116,B1-188,P0014_6600_0106_POS_B1-188_50-2uL_C18-25.5min_R116,SG-0
B1,Sample,117,B1-189,P0014_6600_0106_POS_B1-189_50-2uL_C18-25.5min_R117,SG-0
B1,QC,118,QC1-10,P0014_6600_0106_POS_QC1-10_50-2uL_C18-25.5min_R118,Invalid
B1,Sample,120,B1-190,P0014_6600_0106_POS_B1-190_50-2uL_C18-25.5min_R120,SG-1
B1,Sample,121,B1-191,P0014_6600_0106_POS_B1-191_50-2uL_C18-25.5min_R121,SG-1
B1,Sample,122,B1-192,P0014_6600_0106_POS_B1-192_50-2uL_C18-25.5min_R122,SG-0
B1,Sample,123,B1-193,P0014_6600_0106_POS_B1-193_50-2uL_C18-25.5min_R123,SG-1
B1,Sample,124,B1-199,P0014_6600_0106_POS_B1-199_50-2uL_C18-25.5min_R124,SG-2
B1,Sample,125,B1-201,P0014_6600_0106_POS_B1-201_50-2uL_C18-25.5min_R125,SG-2
B1,Sample,126,B1-203,P0014_6600_0106_POS_B1-203_50-2uL_C18-25.5min_R126,SG-2
B1,Sample,127,B1-204,P0014_6600_0106_POS_B1-204_50-2uL_C18-25.5min_R127,SG-0
B1,Sample,128,B1-205,P0014_6600_0106_POS_B1-205_50-2uL_C18-25.5min_R128,SG-2
B1,Sample,129,B1-207,P0014_6600_0106_POS_B1-207_50-2uL_C18-25.5min_R129,SG-2
B1,QC,130,QC1-11,P0014_6600_0106_POS_QC1-11_50-2uL_C18-25.5min_R130,Invalid
B1,Sample,132,B1-212,P0014_6600_0106_POS_B1-212_50-2uL_C18-25.5min_R132,SG-0
B1,Sample,133,B1-225,P0014_6600_0106_POS_B1-225_50-2uL_C18-25.5min_R133,SG-0
B1,Sample,134,B1-229,P0014_6600_0106_POS_B1-229_50-2uL_C18-25.5min_R134,SG-0
B1,Sample,135,B1-367,P0014_6600_0106_POS_B1-367_50-2uL_C18-25.5min_R135,SG-1
B1,Sample,136,B1-411,P0014_6600_0106_POS_B1-411_50-2uL_C18-25.5min_R136,SG-0
B1,Sample,137,B1-413,P0014_6600_0106_POS_B1-413_50-2uL_C18-25.5min_R137,SG-1
B1,Sample,138,B1-417,P0014_6600_0106_POS_B1-417_50-2uL_C18-25.5min_R138,SG-1
B1,Sample,139,B1-422,P0014_6600_0106_POS_B1-422_50-2uL_C18-25.5min_R139,SG-2
B1,Sample,140,B1-423,P0014_6600_0106_POS_B1-423_50-2uL_C18-25.5min_R140,SG-0
B1,Sample,141,B1-424,P0014_6600_0106_POS_B1-424_50-2uL_C18-25.5min_R141,SG-2
B1,QC,142,QC1-12,P0014_6600_0106_POS_QC1-12_50-2uL_C18-25.5min_R142,Invalid
B1,Blank,143,BLANK1-8,P0014_6600_0106_POS_BLANK1-8_50-2uL_C18-25.5min_R143,Invalid
B1,Sample,144,B1-425,P0014_6600_0106_POS_B1-425_50-2uL_C18-25.5min_R144,SG-2
B1,Sample,145,B1-426,P0014_6600_0106_POS_B1-426_50-2uL_C18-25.5min_R145,SG-1
B1,Sample,146,B1-428,P0014_6600_0106_POS_B1-428_50-2uL_C18-25.5min_R146,SG-0
B1,Sample,147,B1-429,P0014_6600_0106_POS_B1-429_50-2uL_C18-25.5min_R147,SG-1
B1,Sample,148,B1-431,P0014_6600_0106_POS_B1-431_50-2uL_C18-25.5min_R148,SG-1
B1,Sample,149,B1-435,P0014_6600_0106_POS_B1-435_50-2uL_C18-25.5min_R149,SG-2
B1,Sample,150,B1-437,P0014_6600_0106_POS_B1-437_50-2uL_C18-25.5min_R150,SG-1
B1,Sample,151,B1-441,P0014_6600_0106_POS_B1-441_50-2uL_C18-25.5min_R151,SG-0
B1,Sample,152,B1-447,P0014_6600_0106_POS_B1-447_50-2uL_C18-25.5min_R152,SG-1
B1,Sample,153,B1-044,P0014_6600_0106_POS_B1-044_50-2uL_C18-25.5min_R153,SG-1
B1,QC,154,QC1-13,P0014_6600_0106_POS_QC1-13_50-2uL_C18-25.5min_R154,Invalid
B1,Sample,156,B1-072,P0014_6600_0106_POS_B1-072_50-2uL_C18-25.5min_R156,SG-0
B1,Sample,157,B1-038,P0014_6600_0106_POS_B1-038_50-2uL_C18-25.5min_R157,SG-0
B1,Sample,158,B1-042,P0014_6600_0106_POS_B1-042_50-2uL_C18-25.5min_R158,SG-0
B1,Sample,159,B1-045,P0014_6600_0106_POS_B1-045_50-2uL_C18-25.5min_R159,SG-1
B1,Sample,160,B1-046,P0014_6600_0106_POS_B1-046_50-2uL_C18-25.5min_R160,SG-0
B1,Sample,161,B1-050,P0014_6600_0106_POS_B1-050_50-2uL_C18-25.5min_R161,SG-1
B1,Sample,162,B1-051,P0014_6600_0106_POS_B1-051_50-2uL_C18-25.5min_R162,SG-1
B1,Sample,163,B1-055,P0014_6600_0106_POS_B1-055_50-2uL_C18-25.5min_R163,SG-0
B1,Sample,164,B1-078,P0014_6600_0106_POS_B1-078_50-2uL_C18-25.5min_R164,SG-2
B1,Sample,165,B1-064,P0014_6600_0106_POS_B1-064_50-2uL_C18-25.5min_R165,SG-0
B1,Sample,166,B1-043,P0014_6600_0106_POS_B1-043_50-2uL_C18-25.5min_R166,SG-0
B1,Sample,167,B1-047,P0014_6600_0106_POS_B1-047_50-2uL_C18-25.5min_R167,SG-2
B1,QC,169,QC1-14,P0014_6600_0106_POS_QC1-14_50-2uL_C18-25.5min_R169,Invalid
B2,Blank,170,BLANK2-1,P0014_6600_0301_POS_BLANK2-1_50-2uL_C18-25.5min_R1,Invalid
B2,Blank,171,BLANK2-2,P0014_6600_0301_POS_BLANK2-2_50-2uL_C18-25.5min_R2,Invalid
B2,Blank,172,BLANK2-3,P0014_6600_0301_POS_BLANK2-3_50-2uL_C18-25.5min_R3,Invalid
B2,Blank,173,BLANK2-4,P0014_6600_0301_POS_BLANK2-4_50-2uL_C18-25.5min_R4,Invalid
B2,QC,180,QC2-1,P0014_6600_0301_POS_QC2-1_50-2uL_C18-25.5min_R11,Invalid
B2,Sample,181,B2-029,P0014_6600_0301_POS_B2-029_50-2uL_C18-25.5min_R12,SG-1
B2,Sample,182,B2-034,P0014_6600_0301_POS_B2-034_50-2uL_C18-25.5min_R13,SG-1
B2,Sample,183,B2-087,P0014_6600_0301_POS_B2-087_50-2uL_C18-25.5min_R14,SG-0
B2,Sample,184,B2-098,P0014_6600_0301_POS_B2-098_50-2uL_C18-25.5min_R15,SG-2
B2,Sample,185,B2-106,P0014_6600_0301_POS_B2-106_50-2uL_C18-25.5min_R16,SG-0
B2,Sample,186,B2-108,P0014_6600_0301_POS_B2-108_50-2uL_C18-25.5min_R17,SG-0
B2,Sample,187,B2-127,P0014_6600_0301_POS_B2-127_50-2uL_C18-25.5min_R18,SG-0
B2,Sample,188,B2-150,P0014_6600_0301_POS_B2-150_50-2uL_C18-25.5min_R19,SG-0
B2,Sample,189,B2-154,P0014_6600_0301_POS_B2-154_50-2uL_C18-25.5min_R20,SG-0
B2,Sample,190,B2-155,P0014_6600_0301_POS_B2-155_50-2uL_C18-25.5min_R21,SG-2
B2,QC,191,QC2-2,P0014_6600_0301_POS_QC2-2_50-2uL_C18-25.5min_R22,Invalid
B2,Sample,193,B2-156,P0014_6600_0301_POS_B2-156_50-2uL_C18-25.5min_R24,SG-0
B2,Sample,194,B2-165,P0014_6600_0301_POS_B2-165_50-2uL_C18-25.5min_R25,SG-0
B2,Sample,195,B2-169,P0014_6600_0301_POS_B2-169_50-2uL_C18-25.5min_R26,SG-0
B2,Sample,196,B2-173,P0014_6600_0301_POS_B2-173_50-2uL_C18-25.5min_R27,SG-1
B2,Sample,197,B2-175,P0014_6600_0301_POS_B2-175_50-2uL_C18-25.5min_R28,SG-2
B2,Sample,198,B2-186,P0014_6600_0301_POS_B2-186_50-2uL_C18-25.5min_R29,SG-0
B2,Sample,199,B2-187,P0014_6600_0301_POS_B2-187_50-2uL_C18-25.5min_R30,SG-1
B2,Sample,200,B2-194,P0014_6600_0301_POS_B2-194_50-2uL_C18-25.5min_R31,SG-1
B2,Sample,201,B2-196,P0014_6600_0301_POS_B2-196_50-2uL_C18-25.5min_R32,SG-0
B2,Sample,202,B2-197,P0014_6600_0301_POS_B2-197_50-2uL_C18-25.5min_R33,SG-0
B2,QC,203,QC2-3,P0014_6600_0301_POS_QC2-3_50-2uL_C18-25.5min_R34,Invalid
B2,Blank,204,BLANK2-5,P0014_6600_0301_POS_BLANK2-5_50-2uL_C18-25.5min_R35,Invalid
B2,Sample,205,B2-198,P0014_6600_0301_POS_B2-198_50-2uL_C18-25.5min_R36,SG-0
B2,Sample,206,B2-202,P0014_6600_0301_POS_B2-202_50-2uL_C18-25.5min_R37,SG-0
B2,Sample,207,B2-206,P0014_6600_0301_POS_B2-206_50-2uL_C18-25.5min_R38,SG-2
B2,Sample,208,B2-208,P0014_6600_0301_POS_B2-208_50-2uL_C18-25.5min_R39,SG-0
B2,Sample,209,B2-209,P0014_6600_0301_POS_B2-209_50-2uL_C18-25.5min_R40,SG-0
B2,Sample,210,B2-210,P0014_6600_0301_POS_B2-210_50-2uL_C18-25.5min_R41,SG-2
B2,Sample,211,B2-211,P0014_6600_0301_POS_B2-211_50-2uL_C18-25.5min_R42,SG-0
B2,Sample,212,B2-213,P0014_6600_0301_POS_B2-213_50-2uL_C18-25.5min_R43,SG-0
B2,Sample,213,B2-214,P0014_6600_0301_POS_B2-214_50-2uL_C18-25.5min_R44,SG-2
B2,Sample,214,B2-215,P0014_6600_0301_POS_B2-215_50-2uL_C18-25.5min_R45,SG-2
B2,QC,215,QC2-4,P0014_6600_0301_POS_QC2-4_50-2uL_C18-25.5min_R46,Invalid
B2,Sample,217,B2-216,P0014_6600_0301_POS_B2-216_50-2uL_C18-25.5min_R48,SG-0
B2,Sample,218,B2-217,P0014_6600_0301_POS_B2-217_50-2uL_C18-25.5min_R49,SG-0
B2,Sample,219,B2-218,P0014_6600_0301_POS_B2-218_50-2uL_C18-25.5min_R50,SG-2
B2,Sample,220,B2-219,P0014_6600_0301_POS_B2-219_50-2uL_C18-25.5min_R51,SG-0
B2,Sample,221,B2-220,P0014_6600_0301_POS_B2-220_50-2uL_C18-25.5min_R52,SG-2
B2,Sample,222,B2-221,P0014_6600_0301_POS_B2-221_50-2uL_C18-25.5min_R53,SG-0
B2,Sample,223,B2-222,P0014_6600_0301_POS_B2-222_50-2uL_C18-25.5min_R54,SG-2
B2,Sample,224,B2-223,P0014_6600_0301_POS_B2-223_50-2uL_C18-25.5min_R55,SG-2
B2,Sample,225,B2-224,P0014_6600_0301_POS_B2-224_50-2uL_C18-25.5min_R56,SG-2
B2,Sample,226,B2-226,P0014_6600_0301_POS_B2-226_50-2uL_C18-25.5min_R57,SG-2
B2,QC,227,QC2-5,P0014_6600_0301_POS_QC2-5_50-2uL_C18-25.5min_R58,Invalid
B2,Sample,229,B2-227,P0014_6600_0301_POS_B2-227_50-2uL_C18-25.5min_R60,SG-0
B2,Sample,230,B2-228,P0014_6600_0301_POS_B2-228_50-2uL_C18-25.5min_R61,SG-0
B2,Sample,231,B2-230,P0014_6600_0301_POS_B2-230_50-2uL_C18-25.5min_R62,SG-0
B2,Sample,232,B2-231,P0014_6600_0301_POS_B2-231_50-2uL_C18-25.5min_R63,SG-2
B2,Sample,233,B2-232,P0014_6600_0301_POS_B2-232_50-2uL_C18-25.5min_R64,SG-2
B2,Sample,234,B2-233,P0014_6600_0301_POS_B2-233_50-2uL_C18-25.5min_R65,SG-2
B2,Sample,235,B2-234,P0014_6600_0301_POS_B2-234_50-2uL_C18-25.5min_R66,SG-0
B2,Sample,236,B2-235,P0014_6600_0301_POS_B2-235_50-2uL_C18-25.5min_R67,SG-2
B2,Sample,237,B2-236,P0014_6600_0301_POS_B2-236_50-2uL_C18-25.5min_R68,SG-2
B2,Sample,238,B2-238,P0014_6600_0301_POS_B2-238_50-2uL_C18-25.5min_R69,SG-0
B2,QC,239,QC2-6,P0014_6600_0301_POS_QC2-6_50-2uL_C18-25.5min_R70,Invalid
B2,Blank,240,BLANK2-6,P0014_6600_0301_POS_BLANK2-6_50-2uL_C18-25.5min_R71,Invalid
B2,Sample,241,B2-243,P0014_6600_0301_POS_B2-243_50-2uL_C18-25.5min_R72,SG-2
B2,Sample,242,B2-244,P0014_6600_0301_POS_B2-244_50-2uL_C18-25.5min_R73,SG-0
B2,Sample,243,B2-245,P0014_6600_0301_POS_B2-245_50-2uL_C18-25.5min_R74,SG-0
B2,Sample,244,B2-246,P0014_6600_0301_POS_B2-246_50-2uL_C18-25.5min_R75,SG-0
B2,Sample,245,B2-248,P0014_6600_0301_POS_B2-248_50-2uL_C18-25.5min_R76,SG-2
B2,Sample,246,B2-249,P0014_6600_0301_POS_B2-249_50-2uL_C18-25.5min_R77,SG-0
B2,Sample,247,B2-251,P0014_6600_0301_POS_B2-251_50-2uL_C18-25.5min_R78,SG-0
B2,Sample,248,B2-253,P0014_6600_0301_POS_B2-253_50-2uL_C18-25.5min_R79,SG-2
B2,Sample,249,B2-254,P0014_6600_0301_POS_B2-254_50-2uL_C18-25.5min_R80,SG-2
B2,Sample,250,B2-255,P0014_6600_0301_POS_B2-255_50-2uL_C18-25.5min_R81,SG-2
B2,QC,251,QC2-7,P0014_6600_0301_POS_QC2-7_50-2uL_C18-25.5min_R82,Invalid
B2,Sample,253,B2-256,P0014_6600_0301_POS_B2-256_50-2uL_C18-25.5min_R84,SG-0
B2,Sample,254,B2-258,P0014_6600_0301_POS_B2-258_50-2uL_C18-25.5min_R85,SG-0
B2,Sample,255,B2-259,P0014_6600_0301_POS_B2-259_50-2uL_C18-25.5min_R86,SG-2
B2,Sample,256,B2-260,P0014_6600_0301_POS_B2-260_50-2uL_C18-25.5min_R87,SG-2
B2,Sample,257,B2-261,P0014_6600_0301_POS_B2-261_50-2uL_C18-25.5min_R88,SG-2
B2,Sample,258,B2-262,P0014_6600_0301_POS_B2-262_50-2uL_C18-25.5min_R89,SG-0
B2,Sample,259,B2-263,P0014_6600_0301_POS_B2-263_50-2uL_C18-25.5min_R90,SG-2
B2,Sample,260,B2-264,P0014_6600_0301_POS_B2-264_50-2uL_C18-25.5min_R91,SG-2
B2,Sample,261,B2-265,P0014_6600_0301_POS_B2-265_50-2uL_C18-25.5min_R92,SG-2
B2,Sample,262,B2-266,P0014_6600_0301_POS_B2-266_50-2uL_C18-25.5min_R93,SG-2
B2,QC,263,QC2-8,P0014_6600_0301_POS_QC2-8_50-2uL_C18-25.5min_R94,Invalid
B2,Sample,265,B2-267,P0014_6600_0301_POS_B2-267_50-2uL_C18-25.5min_R96,SG-2
B2,Sample,266,B2-268,P0014_6600_0301_POS_B2-268_50-2uL_C18-25.5min_R97,SG-2
B2,Sample,267,B2-269,P0014_6600_0301_POS_B2-269_50-2uL_C18-25.5min_R98,SG-0
B2,Sample,268,B2-270,P0014_6600_0301_POS_B2-270_50-2uL_C18-25.5min_R99,SG-0
B2,Sample,269,B2-271,P0014_6600_0301_POS_B2-271_50-2uL_C18-25.5min_R100,SG-0
B2,Sample,270,B2-272,P0014_6600_0301_POS_B2-272_50-2uL_C18-25.5min_R101,SG-0
B2,Sample,271,B2-273,P0014_6600_0301_POS_B2-273_50-2uL_C18-25.5min_R102,SG-0
B2,Sample,272,B2-274,P0014_6600_0301_POS_B2-274_50-2uL_C18-25.5min_R103,SG-0
B2,Sample,273,B2-275,P0014_6600_0301_POS_B2-275_50-2uL_C18-25.5min_R104,SG-2
B2,Sample,274,B2-276,P0014_6600_0301_POS_B2-276_50-2uL_C18-25.5min_R105,SG-0
B2,QC,275,QC2-9,P0014_6600_0301_POS_QC2-9_50-2uL_C18-25.5min_R106,Invalid
B2,Blank,276,BLANK2-7,P0014_6600_0301_POS_BLANK2-8_50-2uL_C18-25.5min_R107,Invalid
B2,Sample,277,B2-277,P0014_6600_0301_POS_B2-277_50-2uL_C18-25.5min_R108,SG-2
B2,Sample,278,B2-278,P0014_6600_0301_POS_B2-278_50-2uL_C18-25.5min_R109,SG-0
B2,Sample,279,B2-280,P0014_6600_0301_POS_B2-280_50-2uL_C18-25.5min_R110,SG-0
B2,Sample,280,B2-281,P0014_6600_0301_POS_B2-281_50-2uL_C18-25.5min_R111,SG-2
B2,Sample,281,B2-284,P0014_6600_0301_POS_B2-284_50-2uL_C18-25.5min_R112,SG-2
B2,Sample,282,B2-285,P0014_6600_0301_POS_B2-285_50-2uL_C18-25.5min_R113,SG-0
B2,Sample,283,B2-286,P0014_6600_0301_POS_B2-286_50-2uL_C18-25.5min_R114,SG-2
B2,Sample,284,B2-287,P0014_6600_0301_POS_B2-287_50-2uL_C18-25.5min_R115,SG-2
B2,Sample,285,B2-288,P0014_6600_0301_POS_B2-288_50-2uL_C18-25.5min_R116,SG-2
B2,Sample,286,B2-289,P0014_6600_0301_POS_B2-289_50-2uL_C18-25.5min_R117,SG-0
B2,QC,287,QC2-10,P0014_6600_0301_POS_QC2-10_50-2uL_C18-25.5min_R118,Invalid
B2,Sample,289,B2-293,P0014_6600_0301_POS_B2-293_50-2uL_C18-25.5min_R120,SG-2
B2,Sample,290,B2-294,P0014_6600_0301_POS_B2-294_50-2uL_C18-25.5min_R121,SG-2
B2,Sample,291,B2-295,P0014_6600_0301_POS_B2-295_50-2uL_C18-25.5min_R122,SG-2
B2,Sample,292,B2-296,P0014_6600_0301_POS_B2-296_50-2uL_C18-25.5min_R123,SG-0
B2,Sample,293,B2-297,P0014_6600_0301_POS_B2-297_50-2uL_C18-25.5min_R124,SG-2
B2,Sample,294,B2-298,P0014_6600_0301_POS_B2-298_50-2uL_C18-25.5min_R125,SG-2
B2,Sample,295,B2-300,P0014_6600_0301_POS_B2-300_50-2uL_C18-25.5min_R126,SG-0
B2,Sample,296,B2-304,P0014_6600_0301_POS_B2-304_50-2uL_C18-25.5min_R127,SG-2
B2,Sample,297,B2-305,P0014_6600_0301_POS_B2-305_50-2uL_C18-25.5min_R128,SG-2
B2,Sample,298,B2-306,P0014_6600_0301_POS_B2-306_50-2uL_C18-25.5min_R129,SG-2
B2,QC,299,QC2-11,P0014_6600_0301_POS_QC2-11_50-2uL_C18-25.5min_R130,Invalid
B2,Sample,301,B2-307,P0014_6600_0301_POS_B2-307_50-2uL_C18-25.5min_R132,SG-2
B2,Sample,302,B2-310,P0014_6600_0301_POS_B2-310_50-2uL_C18-25.5min_R133,SG-2
B2,Sample,303,B2-311,P0014_6600_0301_POS_B2-311_50-2uL_C18-25.5min_R134,SG-2
B2,Sample,304,B2-252,P0014_6600_0301_POS_B2-252_50-2uL_C18-25.5min_R135,SG-2
B2,Sample,305,B2-375,P0014_6600_0301_POS_B2-375_50-2uL_C18-25.5min_R136,SG-2
B2,Sample,306,B2-378,P0014_6600_0301_POS_B2-378_50-2uL_C18-25.5min_R137,SG-0
B2,Sample,307,B2-396,P0014_6600_0301_POS_B2-396_50-2uL_C18-25.5min_R138,SG-2
B2,Sample,308,B2-408,P0014_6600_0301_POS_B2-408_50-2uL_C18-25.5min_R139,SG-2
B2,Sample,309,B2-415,P0014_6600_0301_POS_B2-415_50-2uL_C18-25.5min_R140,SG-0
B2,Sample,310,B2-418,P0014_6600_0301_POS_B2-418_50-2uL_C18-25.5min_R141,SG-2
B2,QC,311,QC2-12,P0014_6600_0301_POS_QC2-12_50-2uL_C18-25.5min_R142,Invalid
B2,Blank,312,BLANK2-8,P0014_6600_0301_POS_BLANK2-8_50-2uL_C18-25.5min_R143,Invalid
B2,Sample,313,B2-421,P0014_6600_0301_POS_B2-421_50-2uL_C18-25.5min_R144,SG-2
B2,Sample,314,B2-427,P0014_6600_0301_POS_B2-427_50-2uL_C18-25.5min_R145,SG-0
B2,Sample,315,B2-430,P0014_6600_0301_POS_B2-430_50-2uL_C18-25.5min_R146,SG-2
B2,Sample,316,B2-432,P0014_6600_0301_POS_B2-432_50-2uL_C18-25.5min_R147,SG-0
B2,Sample,317,B2-434,P0014_6600_0301_POS_B2-434_50-2uL_C18-25.5min_R148,SG-2
B2,Sample,318,B2-436,P0014_6600_0301_POS_B2-436_50-2uL_C18-25.5min_R149,SG-2
B2,Sample,319,B2-442,P0014_6600_0301_POS_B2-442_50-2uL_C18-25.5min_R150,SG-2
B2,Sample,320,B2-444,P0014_6600_0301_POS_B2-444_50-2uL_C18-25.5min_R151,SG-0
B2,Sample,321,B2-445,P0014_6600_0301_POS_B2-445_50-2uL_C18-25.5min_R152,SG-2
B2,Sample,322,B2-446,P0014_6600_0301_POS_B2-446_50-2uL_C18-25.5min_R153,SG-2
B2,QC,323,QC2-13,P0014_6600_0301_POS_QC2-13_50-2uL_C18-25.5min_R154,Invalid
B2,Sample,325,B2-448,P0014_6600_0301_POS_B2-448_50-2uL_C18-25.5min_R156,SG-0
B2,Sample,326,B2-052,P0014_6600_0301_POS_B2-052_50-2uL_C18-25.5min_R157,SG-2
B2,Sample,327,B2-053,P0014_6600_0301_POS_B2-053_50-2uL_C18-25.5min_R158,SG-2
B2,Sample,328,B2-054,P0014_6600_0301_POS_B2-054_50-2uL_C18-25.5min_R159,SG-2
B2,Sample,329,B2-056,P0014_6600_0301_POS_B2-056_50-2uL_C18-25.5min_R160,SG-0
B2,Sample,330,B2-060,P0014_6600_0301_POS_B2-060_50-2uL_C18-25.5min_R161,SG-0
B2,Sample,331,B2-063,P0014_6600_0301_POS_B2-063_50-2uL_C18-25.5min_R162,SG-2
B2,Sample,332,B2-065,P0014_6600_0301_POS_B2-065_50-2uL_C18-25.5min_R163,SG-2
B2,Sample,333,B2-048,P0014_6600_0301_POS_B2-048_50-2uL_C18-25.5min_R164,SG-2
B2,Sample,334,B2-049,P0014_6600_0301_POS_B2-049_50-2uL_C18-25.5min_R165,SG-2
B2,Sample,335,B2-058,P0014_6600_0301_POS_B2-058_50-2uL_C18-25.5min_R166,SG-2
B2,Sample,336,B2-059,P0014_6600_0301_POS_B2-059_50-2uL_C18-25.5min_R167,SG-2
B2,Sample,337,B2-061,P0014_6600_0301_POS_B2-061_50-2uL_C18-25.5min_R168,SG-2
B2,QC,338,QC2-14,P0014_6600_0301_POS_QC2-14_50-2uL_C18-25.5min_R169,Invalid
B3,Blank,339,BLANK3-1,P0014_6600_0308_POS_BLANK3-1_50-2uL_C18-25.5min_R1,Invalid
B3,Blank,340,BLANK3-2,P0014_6600_0308_POS_BLANK3-2_50-2uL_C18-25.5min_R2,Invalid
B3,Blank,341,BLANK3-3,P0014_6600_0308_POS_BLANK3-3_50-2uL_C18-25.5min_R3,Invalid
B3,Blank,342,BLANK3-4,P0014_6600_0308_POS_BLANK3-4_50-2uL_C18-25.5min_R4,Invalid
B3,QC,349,QC3-1,P0014_6600_0308_POS_QC3-1_50-2uL_C18-25.5min_R11,Invalid
B3,Sample,352,B3-083,P0014_6600_0308_POS_B3-083_50-2uL_C18-25.5min_R14,SG-2
B3,Sample,353,B3-109,P0014_6600_0308_POS_B3-109_50-2uL_C18-25.5min_R15,SG-0
B3,Sample,354,B3-112,P0014_6600_0308_POS_B3-112_50-2uL_C18-25.5min_R16,SG-1
B3,Sample,356,B3-176,P0014_6600_0308_POS_B3-176_50-2uL_C18-25.5min_R18,SG-0
B3,Sample,357,B3-177,P0014_6600_0308_POS_B3-177_50-2uL_C18-25.5min_R19,SG-1
B3,Sample,359,B3-195,P0014_6600_0308_POS_B3-195_50-2uL_C18-25.5min_R21,SG-1
B3,QC,360,QC3-2,P0014_6600_0308_POS_QC3-2_50-2uL_C18-25.5min_R22,Invalid
B3,Sample,362,B3-200,P0014_6600_0308_POS_B3-200_50-2uL_C18-25.5min_R24,SG-1
B3,Sample,363,B3-239,P0014_6600_0308_POS_B3-239_50-2uL_C18-25.5min_R25,SG-2
B3,Sample,364,B3-240,P0014_6600_0308_POS_B3-240_50-2uL_C18-25.5min_R26,SG-0
B3,Sample,365,B3-241,P0014_6600_0308_POS_B3-241_50-2uL_C18-25.5min_R27,SG-1
B3,Sample,367,B3-247,P0014_6600_0308_POS_B3-247_50-2uL_C18-25.5min_R29,SG-1
B3,Sample,368,B3-250,P0014_6600_0308_POS_B3-250_50-2uL_C18-25.5min_R30,SG-1
B3,Sample,370,B3-257,P0014_6600_0308_POS_B3-257_50-2uL_C18-25.5min_R32,SG-1
B3,Sample,371,B3-279,P0014_6600_0308_POS_B3-279_50-2uL_C18-25.5min_R33,SG-0
B3,QC,372,QC3-3,P0014_6600_0308_POS_QC3-3_50-2uL_C18-25.5min_R34,Invalid
B3,Blank,373,BLANK3-5,P0014_6600_0308_POS_BLANK3-5_50-2uL_C18-25.5min_R35,Invalid
B3,Sample,374,B3-282,P0014_6600_0308_POS_B3-282_50-2uL_C18-25.5min_R36,SG-0
B3,Sample,375,B3-283,P0014_6600_0308_POS_B3-283_50-2uL_C18-25.5min_R37,SG-1
B3,Sample,376,B3-290,P0014_6600_0308_POS_B3-290_50-2uL_C18-25.5min_R38,SG-0
B3,Sample,377,B3-291,P0014_6600_0308_POS_B3-291_50-2uL_C18-25.5min_R39,SG-1
B3,Sample,378,B3-292,P0014_6600_0308_POS_B3-292_50-2uL_C18-25.5min_R40,SG-1
B3,Sample,379,B3-299,P0014_6600_0308_POS_B3-299_50-2uL_C18-25.5min_R41,SG-2
B3,Sample,380,B3-309,P0014_6600_0308_POS_B3-309_50-2uL_C18-25.5min_R42,SG-1
B3,Sample,381,B3-312,P0014_6600_0308_POS_B3-312_50-2uL_C18-25.5min_R43,SG-1
B3,Sample,383,B3-314,P0014_6600_0308_POS_B3-314_50-2uL_C18-25.5min_R45,SG-1
B3,QC,384,QC3-4,P0014_6600_0308_POS_QC3-4_50-2uL_C18-25.5min_R46,Invalid
B3,Sample,386,B3-315,P0014_6600_0308_POS_B3-315_50-2uL_C18-25.5min_R48,SG-1
B3,Sample,387,B3-316,P0014_6600_0308_POS_B3-316_50-2uL_C18-25.5min_R49,SG-0
B3,Sample,388,B3-317,P0014_6600_0308_POS_B3-317_50-2uL_C18-25.5min_R50,SG-1
B3,Sample,389,B3-318,P0014_6600_0308_POS_B3-318_50-2uL_C18-25.5min_R51,SG-1
B3,Sample,390,B3-321,P0014_6600_0308_POS_B3-321_50-2uL_C18-25.5min_R52,SG-0
B3,Sample,391,B3-323,P0014_6600_0308_POS_B3-323_50-2uL_C18-25.5min_R53,SG-0
B3,Sample,392,B3-324,P0014_6600_0308_POS_B3-324_50-2uL_C18-25.5min_R54,SG-2
B3,Sample,393,B3-325,P0014_6600_0308_POS_B3-325_50-2uL_C18-25.5min_R55,SG-0
B3,Sample,394,B3-326,P0014_6600_0308_POS_B3-326_50-2uL_C18-25.5min_R56,SG-1
B3,Sample,395,B3-327,P0014_6600_0308_POS_B3-327_50-2uL_C18-25.5min_R57,SG-0
B3,QC,396,QC3-5,P0014_6600_0308_POS_QC3-5_50-2uL_C18-25.5min_R58,Invalid
B3,Sample,398,B3-328,P0014_6600_0308_POS_B3-328_50-2uL_C18-25.5min_R60,SG-0
B3,Sample,399,B3-329,P0014_6600_0308_POS_B3-329_50-2uL_C18-25.5min_R61,SG-1
B3,Sample,400,B3-330,P0014_6600_0308_POS_B3-330_50-2uL_C18-25.5min_R62,SG-0
B3,Sample,401,B3-331,P0014_6600_0308_POS_B3-331_50-2uL_C18-25.5min_R63,SG-0
B3,Sample,402,B3-332,P0014_6600_0308_POS_B3-332_50-2uL_C18-25.5min_R64,SG-1
B3,Sample,405,B3-337,P0014_6600_0308_POS_B3-337_50-2uL_C18-25.5min_R67,SG-2
B3,QC,408,QC3-6,P0014_6600_0308_POS_QC3-6_50-2uL_C18-25.5min_R70,Invalid
B3,Blank,409,BLANK3-6,P0014_6600_0308_POS_BLANK2-6_50-2uL_C18-25.5min_R71,Invalid
B3,Sample,410,B3-340,P0014_6600_0308_POS_B3-340_50-2uL_C18-25.5min_R72,SG-0
B3,Sample,412,B3-342,P0014_6600_0308_POS_B3-342_50-2uL_C18-25.5min_R74,SG-1
B3,Sample,413,B3-343,P0014_6600_0308_POS_B3-343_50-2uL_C18-25.5min_R75,SG-0
B3,Sample,414,B3-344,P0014_6600_0308_POS_B3-344_50-2uL_C18-25.5min_R76,SG-1
B3,Sample,415,B3-345,P0014_6600_0308_POS_B3-345_50-2uL_C18-25.5min_R77,SG-0
B3,Sample,417,B3-348,P0014_6600_0308_POS_B3-348_50-2uL_C18-25.5min_R79,SG-1
B3,Sample,419,B3-350,P0014_6600_0308_POS_B3-350_50-2uL_C18-25.5min_R81,SG-1
B3,QC,420,QC3-7,P0014_6600_0308_POS_QC3-7_50-2uL_C18-25.5min_R82,Invalid
B3,Sample,422,B3-351,P0014_6600_0308_POS_B3-351_50-2uL_C18-25.5min_R84,SG-0
B3,Sample,423,B3-352,P0014_6600_0308_POS_B3-352_50-2uL_C18-25.5min_R85,SG-1
B3,Sample,424,B3-353,P0014_6600_0308_POS_B3-353_50-2uL_C18-25.5min_R86,SG-2
B3,Sample,425,B3-354,P0014_6600_0308_POS_B3-354_50-2uL_C18-25.5min_R87,SG-0
B3,Sample,428,B3-357,P0014_6600_0308_POS_B3-357_50-2uL_C18-25.5min_R90,SG-0
B3,Sample,429,B3-358,P0014_6600_0308_POS_B3-358_50-2uL_C18-25.5min_R91,SG-1
B3,Sample,430,B3-359,P0014_6600_0308_POS_B3-359_50-2uL_C18-25.5min_R92,SG-0
B3,QC,432,QC3-8,P0014_6600_0308_POS_QC3-8_50-2uL_C18-25.5min_R94,Invalid
B3,Sample,435,B3-362,P0014_6600_0308_POS_B3-362_50-2uL_C18-25.5min_R97,SG-1
B3,Sample,436,B3-363,P0014_6600_0308_POS_B3-363_50-2uL_C18-25.5min_R98,SG-1
B3,Sample,437,B3-364,P0014_6600_0308_POS_B3-364_50-2uL_C18-25.5min_R99,SG-2
B3,Sample,438,B3-365,P0014_6600_0308_POS_B3-365_50-2uL_C18-25.5min_R100,SG-1
B3,Sample,439,B3-366,P0014_6600_0308_POS_B3-366_50-2uL_C18-25.5min_R101,SG-0
B3,Sample,443,B3-371,P0014_6600_0308_POS_B3-371_50-2uL_C18-25.5min_R105,SG-1
B3,QC,444,QC3-9,P0014_6600_0308_POS_QC3-9_50-2uL_C18-25.5min_R106,Invalid
B3,Blank,445,BLANK3-7,P0014_6600_0308_POS_BLANK3-8_50-2uL_C18-25.5min_R107,Invalid
B3,Sample,446,B3-373,P0014_6600_0308_POS_B3-373_50-2uL_C18-25.5min_R108,SG-0
B3,Sample,447,B3-374,P0014_6600_0308_POS_B3-374_50-2uL_C18-25.5min_R109,SG-1
B3,Sample,448,B3-376,P0014_6600_0308_POS_B3-376_50-2uL_C18-25.5min_R110,SG-1
B3,Sample,449,B3-377,P0014_6600_0308_POS_B3-377_50-2uL_C18-25.5min_R111,SG-2
B3,Sample,451,B3-380,P0014_6600_0308_POS_B3-380_50-2uL_C18-25.5min_R113,SG-1
B3,Sample,452,B3-381,P0014_6600_0308_POS_B3-381_50-2uL_C18-25.5min_R114,SG-1
B3,Sample,454,B3-383,P0014_6600_0308_POS_B3-383_50-2uL_C18-25.5min_R116,SG-1
B3,Sample,455,B3-384,P0014_6600_0308_POS_B3-384_50-2uL_C18-25.5min_R117,SG-1
B3,QC,456,QC3-10,P0014_6600_0308_POS_QC3-10_50-2uL_C18-25.5min_R118,Invalid
B3,Sample,458,B3-385,P0014_6600_0308_POS_B3-385_50-2uL_C18-25.5min_R120,SG-1
B3,Sample,459,B3-386,P0014_6600_0308_POS_B3-386_50-2uL_C18-25.5min_R121,SG-1
B3,Sample,460,B3-387,P0014_6600_0308_POS_B3-387_50-2uL_C18-25.5min_R122,SG-1
B3,Sample,463,B3-390,P0014_6600_0308_POS_B3-390_50-2uL_C18-25.5min_R125,SG-1
B3,Sample,464,B3-391,P0014_6600_0308_POS_B3-391_50-2uL_C18-25.5min_R126,SG-1
B3,Sample,465,B3-392,P0014_6600_0308_POS_B3-392_50-2uL_C18-25.5min_R127,SG-0
B3,Sample,466,B3-393,P0014_6600_0308_POS_B3-393_50-2uL_C18-25.5min_R128,SG-1
B3,Sample,467,B3-394,P0014_6600_0308_POS_B3-394_50-2uL_C18-25.5min_R129,SG-1
B3,QC,468,QC3-11,P0014_6600_0308_POS_QC3-11_50-2uL_C18-25.5min_R130,Invalid
B3,Sample,470,B3-397,P0014_6600_0308_POS_B3-397_50-2uL_C18-25.5min_R132,SG-1
B3,Sample,471,B3-399,P0014_6600_0308_POS_B3-399_50-2uL_C18-25.5min_R133,SG-1
B3,Sample,473,B3-402,P0014_6600_0308_POS_B3-402_50-2uL_C18-25.5min_R135,SG-0
B3,Sample,474,B3-403,P0014_6600_0308_POS_B3-403_50-2uL_C18-25.5min_R136,SG-1
B3,Sample,477,B3-407,P0014_6600_0308_POS_B3-407_50-2uL_C18-25.5min_R139,SG-0
B3,Sample,479,B3-410,P0014_6600_0308_POS_B3-410_50-2uL_C18-25.5min_R141,SG-0
B3,QC,480,QC3-12,P0014_6600_0308_POS_QC3-12_50-2uL_C18-25.5min_R142,Invalid
B3,Blank,481,BLANK3-8,P0014_6600_0308_POS_BLANK3-8_50-2uL_C18-25.5min_R143,Invalid
B3,Sample,482,B3-412,P0014_6600_0308_POS_B3-412_50-2uL_C18-25.5min_R144,SG-1
B3,Sample,483,B3-414,P0014_6600_0308_POS_B3-414_50-2uL_C18-25.5min_R145,SG-1
B3,Sample,484,B3-416,P0014_6600_0308_POS_B3-416_50-2uL_C18-25.5min_R146,SG-0
B3,Sample,485,B3-419,P0014_6600_0308_POS_B3-419_50-2uL_C18-25.5min_R147,SG-0
B3,Sample,486,B3-420,P0014_6600_0308_POS_B3-420_50-2uL_C18-25.5min_R148,SG-0
B3,Sample,487,B3-433,P0014_6600_0308_POS_B3-433_50-2uL_C18-25.5min_R149,SG-1
B3,Sample,488,B3-438,P0014_6600_0308_POS_B3-438_50-2uL_C18-25.5min_R150,SG-0
B3,Sample,490,B3-440,P0014_6600_0308_POS_B3-440_50-2uL_C18-25.5min_R152,SG-0
B3,Sample,491,B3-443,P0014_6600_0308_POS_B3-443_50-2uL_C18-25.5min_R153,SG-0
B3,QC,492,QC3-13,P0014_6600_0308_POS_QC3-13_50-2uL_C18-25.5min_R154,Invalid
B3,Sample,494,B3-057,P0014_6600_0308_POS_B3-057_50-2uL_C18-25.5min_R156,SG-2
B3,Sample,495,B3-062,P0014_6600_0308_POS_B3-062_50-2uL_C18-25.5min_R157,SG-0
B3,Sample,496,B3-066,P0014_6600_0308_POS_B3-066_50-2uL_C18-25.5min_R158,SG-0
B3,Sample,497,B3-067,P0014_6600_0308_POS_B3-067_50-2uL_C18-25.5min_R159,SG-2
B3,Sample,498,B3-068,P0014_6600_0308_POS_B3-068_50-2uL_C18-25.5min_R160,SG-0
B3,Sample,499,B3-069,P0014_6600_0308_POS_B3-069_50-2uL_C18-25.5min_R161,SG-1
B3,Sample,500,B3-070,P0014_6600_0308_POS_B3-070_50-2uL_C18-25.5min_R162,SG-1
B3,Sample,501,B3-071,P0014_6600_0308_POS_B3-071_50-2uL_C18-25.5min_R163,SG-1
B3,Sample,502,B3-076,P0014_6600_0308_POS_B3-076_50-2uL_C18-25.5min_R164,SG-1
B3,Sample,503,B3-077,P0014_6600_0308_POS_B3-077_50-2uL_C18-25.5min_R165,SG-0
B3,Sample,504,B3-079,P0014_6600_0308_POS_B3-079_50-2uL_C18-25.5min_R166,SG-0
B3,Sample,505,B3-080,P0014_6600_0308_POS_B3-080_50-2uL_C18-25.5min_R167,SG-0
B3,Sample,506,B3-081,P0014_6600_0308_POS_B3-081_50-2uL_C18-25.5min_R168,SG-0
B3,QC,507,QC3-14,P0014_6600_0308_POS_QC3-14_50-2uL_C18-25.5min_R169,Invalid
B3,Sample,509,B3-002,P0014_6600_0308_POS_B3-002_50-2uL_C18-25.5min_R171,SG-0
B3,Sample,510,B3-003,P0014_6600_0308_POS_B3-003_50-2uL_C18-25.5min_R172,SG-1
B3,Sample,511,B3-172,P0014_6600_0308_POS_B3-172_50-2uL_C18-25.5min_R173,SG-0
B3,Sample,512,B3-178,P0014_6600_0308_POS_B3-178_50-2uL_C18-25.5min_R174,SG-1
B3,Sample,513,B3-242,P0014_6600_0308_POS_B3-242_50-2uL_C18-25.5min_R175,SG-0
B3,Sample,514,B3-346,P0014_6600_0308_POS_B3-346_50-2uL_C18-25.5min_R176,SG-0
B3,Sample,515,B3-313,P0014_6600_0308_POS_B3-313_50-2uL_C18-25.5min_R177,SG-0
B3,Sample,516,B3-333,P0014_6600_0308_POS_B3-333_50-2uL_C18-25.5min_R178,SG-0
B3,Sample,517,B3-334,P0014_6600_0308_POS_B3-334_50-2uL_C18-25.5min_R179,SG-0
B3,Sample,518,B3-338,P0014_6600_0308_POS_B3-338_50-2uL_C18-25.5min_R180,SG-0
B3,Sample,519,B3-339,P0014_6600_0308_POS_B3-339_50-2uL_C18-25.5min_R181,SG-0
B3,Sample,520,B3-341,P0014_6600_0308_POS_B3-341_50-2uL_C18-25.5min_R182,SG-1
B3,Sample,521,B3-347,P0014_6600_0308_POS_B3-347_50-2uL_C18-25.5min_R183,SG-1
B3,Sample,522,B3-349,P0014_6600_0308_POS_B3-349_50-2uL_C18-25.5min_R184,SG-0
B3,Sample,523,B3-355,P0014_6600_0308_POS_B3-355_50-2uL_C18-25.5min_R185,SG-2
B3,QC,524,QC3-15,P0014_6600_0308_POS_QC3-15_50-2uL_C18-25.5min_R186,Invalid
B3,Sample,526,B3-356,P0014_6600_0308_POS_B3-356_50-2uL_C18-25.5min_R188,SG-0
B3,Sample,527,B3-360,P0014_6600_0308_POS_B3-360_50-2uL_C18-25.5min_R189,SG-0
B3,Sample,528,B3-361,P0014_6600_0308_POS_B3-361_50-2uL_C18-25.5min_R190,SG-0
B3,Sample,529,B3-368,P0014_6600_0308_POS_B3-368_50-2uL_C18-25.5min_R191,SG-1
B3,Sample,530,B3-369,P0014_6600_0308_POS_B3-369_50-2uL_C18-25.5min_R192,SG-2
B3,Sample,531,B3-370,P0014_6600_0308_POS_B3-370_50-2uL_C18-25.5min_R193,SG-1
B3,Sample,532,B3-379,P0014_6600_0308_POS_B3-379_50-2uL_C18-25.5min_R194,SG-0
B3,Sample,533,B3-382,P0014_6600_0308_POS_B3-382_50-2uL_C18-25.5min_R195,SG-1
B3,Sample,534,B3-388,P0014_6600_0308_POS_B3-388_50-2uL_C18-25.5min_R196,SG-1
B3,Sample,535,B3-389,P0014_6600_0308_POS_B3-389_50-2uL_C18-25.5min_R197,SG-1
B3,Sample,536,B3-400,P0014_6600_0308_POS_B3-400_50-2uL_C18-25.5min_R198,SG-0
B3,Sample,537,B3-405,P0014_6600_0308_POS_B3-405_50-2uL_C18-25.5min_R199,SG-0
B3,Sample,538,B3-406,P0014_6600_0308_POS_B3-406_50-2uL_C18-25.5min_R200,SG-0
B3,Sample,539,B3-409,P0014_6600_0308_POS_B3-409_50-2uL_C18-25.5min_R201,SG-2
B3,Sample,540,B3-439,P0014_6600_0308_POS_B3-439_50-2uL_C18-25.5min_R202,SG-0
B3,QC,541,QC3-16,P0014_6600_0308_POS_QC3-16_50-2uL_C18-25.5min_R203,Invalid
