Metabolite,Demo 1,Demo 2,Demo 3,Demo 4,Demo 5,Demo 6,Demo 7,Demo 8,Demo 9,Demo 10,Demo 11,Demo 12,Demo 13,Demo 14,Demo 15,Demo 16,Demo 17,Demo 18,Demo 19,Demo 20,Demo 21,Demo 22,Demo 23,Demo 24,Demo 25,Demo 26,Demo 27,Demo 28,Demo 29,Demo 30,Demo 31,Demo 32,Demo 33,Demo 34,Demo 35,Demo 36,Demo 37,Demo 38,Demo 39,Demo 40,Demo 41,Demo 42,Demo 43,Demo 44,Demo 45,Demo 46,Demo 47,Demo 48,Demo 49,Demo 50
HILIC neg 259 9623a4 4322,30873.82577820597,30193.284724976784,0.0,48290.002578475825,22991.49775362341,34749.475841260355,37515.31064288717,39178.99871629888,38574.301109298,49891.49775011881,28768.715842387082,28527.404776044412,34840.66368007595,26620.859260605157,27546.150363284753,23281.032282063243,42604.005858763885,34034.57105421074,35629.71327050429,34547.79330647481,50310.91292060693,43751.508520506715,41599.969484041365,37883.22030025666,37723.42445851461,36342.845028136595,42698.189726347264,30640.714433679797,32973.97697146757,46179.33772407175,33259.81823793843,42993.32740955264,55430.777224286154,36913.15622895324,42095.55034294383,0.0,57602.32469079132,43098.08764368939,41362.907240513036,47647.088192765266,47347.56447212723,37525.64945084601,41972.80738669523,47209.86106649529,39905.46400311407,49365.80823059926,48686.07581725218,0.0,51990.84461248631,42780.9376396104
HILIC neg 108 1065a2 6121,11517.6552100467,4820.770233759453,14747.64238958342,13732.419727056009,4043.5573529663147,16292.051432741038,0.0,12656.521816527485,11510.08960413096,11937.881211798429,0.0,16848.612037211606,10093.588998461588,7411.210046173216,10555.623390172386,6468.261266738405,14724.765298891496,14527.298318688692,10211.361803185624,11201.494038023693,15537.475323380877,10428.49013600014,10297.478599138469,10005.068564993526,10969.957331722198,19927.03720191859,17357.30807791574,17139.429676770415,13130.79363344334,15990.504786844578,14574.867657571314,20877.01682487064,12785.271163204407,0.0,0.0,16135.283320814035,16717.185519509985,15864.070057500654,18407.538964079584,14355.243878692247,12774.131937706437,9856.373671225976,16563.82574173876,15670.45963823494,13922.454301270762,22617.002417928834,15886.0533221476,19031.006432064958,17296.748984212136,19747.447415946288
HILIC neg 158 23a1 4128,20690.59198483874,18929.531778191733,16823.094854500105,26141.084001384577,25379.050434434932,0.0,14208.226394010413,12058.220000755055,19524.55458260557,27709.0857953163,34776.69004772069,23079.277677520313,0.0,20577.066121816275,9291.961681826022,21954.594122392482,0.0,27503.74816759032,0.0,10270.843787778225,10358.044759869008,26946.82923316691,14347.67292269033,18507.93527955343,14445.414340411204,22621.12321134617,30176.8091228766,14642.700494839319,24842.223562623265,32806.30713744299,0.0,21813.805479457413,34991.88944018214,18005.049035442327,23341.80353920193,24187.61448116363,15930.941243624899,24704.14866778048,31599.720550215105,16483.82892631318,22749.10728517463,25559.057558636745,36612.077810603485,22426.28155621817,21612.292043241025,21701.72648324052,27615.02447084806,30091.589268736636,24753.047600473506,23207.86173872008
HILIC neg 251 0056a0 6161,14816.347685121345,37198.20493818292,26748.50539007741,20747.94899033837,29489.25955259157,20958.135153192314,15830.217956609224,12710.173671169781,20139.856927387013,16393.236160440865,21419.500767112084,14233.664704547791,16219.513096163317,17656.121969580116,24067.252719513985,14490.610280824852,22070.458773896975,16917.082122608994,16070.631876996247,0.0,15652.718641125623,12730.369105666447,25385.467115450425,23423.013131908338,17378.373735780715,38332.26219663732,35701.97918498682,28562.416883466227,0.0,28757.959325819233,33986.65868150697,28006.0754591086,30890.516654035782,32805.52595950152,34740.26536687403,25151.86068531307,28769.84356709295,25656.68717546295,43235.036100475685,19845.338488552152,0.0,28323.296142587114,31939.582621690333,34655.911086785,29665.8592940145,24869.489488363084,27283.523360605737,23809.951757204624,29097.619575997127,26022.6611054744
HILIC neg 401 52a4 211,22093.18227090103,9927.69241199953,11526.047544238729,23915.147725912786,19830.84992495351,19028.935044496913,18783.514257198633,15180.038952103667,18289.116477055926,19114.38146041763,0.0,14085.947620110375,18072.691308529113,20310.809985279524,8705.320265647719,1042.518695677041,15023.307412072943,12342.445300991707,16863.341728427826,14228.832198114398,22710.1935188162,13596.47209085937,13835.803011456333,21134.144504502594,15286.051668580394,22580.472242664022,31819.561934800422,29371.195146304286,23360.8914509965,26794.46733070552,16612.11143466793,20885.90104905234,14869.070085287069,19022.209510610413,11405.105951228583,19243.395872722427,16765.744179159352,22643.441564665343,0.0,14792.753806447055,21900.0520937855,18182.301734474946,23627.380989069417,16929.51178670134,21297.054353507603,18705.45521755316,22658.60533879357,14439.563740603191,19756.089158476196,15343.491062908208
HILIC neg 400 7045a5 3842,23894.966610993713,26727.66405386152,13871.778197195741,35694.52000307687,43856.03719991013,25810.066864876877,30332.484050745174,24853.11924538497,29593.512005015895,31241.779675345322,36641.15696887584,38492.637953250975,29744.7209378123,34932.56666000586,25447.1958719293,34857.3736567987,31423.690092311714,35217.63966241225,27011.736501406933,26696.254411775342,36472.103709643445,37929.928332179115,28592.61279711368,25834.859414361224,32479.75613389375,27883.2808863099,38685.8805206766,38729.80497147688,32758.397393471216,45263.72644446231,32273.352317205045,39399.63557646908,33209.59829464595,39947.446960984664,37566.57580474124,43026.69009405069,48097.930480634175,43544.221403835734,34784.31815821596,33619.53150372671,38257.215016323884,35232.846213959936,0.0,42191.65244687815,0.0,41822.880613128465,30261.05081813023,41658.39930512398,0.0,44677.8386318653
HILIC neg 304 014a7 1311,12494.738475564749,10277.262142385882,17220.06245002297,19345.2427608662,20675.62783145914,0.0,16248.850050975183,16195.4305542553,24134.070349322446,5018.029025349446,13190.136053638147,16042.46768140631,15413.96458969614,14619.075834606283,17164.172675596838,8733.197763622135,9625.063862602914,0.0,13357.878258303117,14636.774555357182,10450.777563269126,15943.501109040519,10942.6582644166,378.87890067955584,15102.686620000968,22645.854994201727,18948.271906624246,20064.53520268152,19417.13271299599,22987.011723307238,22938.624054867694,16463.448331962867,16905.674136253772,24350.21124714247,20672.834603932257,20702.554050576444,17798.972146523123,0.0,12697.171272644062,0.0,21566.995894693053,28392.754602569446,25814.305419787608,19402.778086566843,19210.21897608137,23832.250902363718,21495.084376762,21865.76796628902,17548.57569317435,0.0
HILIC neg 276 6328a2 7734,13886.939974797862,13990.360797796135,12756.528759307006,8352.584191571432,14542.618385946482,8092.626108684482,9385.912775736897,10265.00995861011,9098.459270004658,9371.392373003802,9898.019417484096,9177.764174193435,9700.44148961371,8341.526708167077,10511.35922555295,13898.309820532228,11194.402320170711,8237.979700933602,8895.46696553157,8168.770332190434,9359.041441470787,8548.383531289684,7046.015131099869,8830.616038764942,0.0,21239.19779614473,14346.834695809726,13938.272095845596,19688.357375435422,0.0,21017.501050637118,15496.327919132718,18646.83630802811,22101.472584516043,14490.183730632263,17592.940655009093,12973.845072979644,16594.189795512644,19178.144170930052,15053.750062444025,14965.1764588445,14556.833310717431,16042.9507951466,12714.564635035007,11913.49375254503,15394.14148999997,8649.340884969586,12759.648744338156,23850.335669255037,10975.046549639455
HILIC neg 118 9111a4 1865,28283.41830662168,40772.0944514942,43814.08144737261,42403.80349985166,25698.634168778335,50825.45150123728,28615.97763454736,36373.86746477878,23930.089420622688,0.0,49218.61141762574,36895.905150570994,35359.29050563947,33206.4586198628,36274.46748927435,21886.854611605468,36742.69525993454,34908.091356728015,34556.26523298035,0.0,34957.71316679441,33700.62052155564,41870.48071663324,29992.517547985874,35770.68274191224,34283.98931637615,47906.23931330574,32872.68580351516,40879.150054577534,51587.845721774655,49807.382174592545,37967.73615650211,44087.03586311173,35667.195018620856,37262.3619630932,46727.73712497557,55770.76734820636,37327.85647702158,0.0,35079.868696470454,43133.610077016165,0.0,51269.36525139412,43603.63102696978,43413.54361507611,48824.16953070529,50542.34171505597,46024.582629274,40645.75366632353,37578.96390701276
HILIC neg 446 9413a2 315,6713.77477539409,5428.668746665563,0.0,6977.5279408767765,7833.215759802598,7710.5591641393785,6337.091085169711,2965.921835956384,3793.8098406093122,6494.289478302259,5305.090933091599,4291.0654772784765,6273.509714871439,3574.7497924290483,0.0,6605.883804402366,5627.561189515674,8017.002039808788,4299.404646232226,6128.903964670098,0.0,3681.8039040614344,5428.181801591211,7264.983241667041,4223.871889351583,14215.868732538966,14920.055178023145,14064.511577788286,12089.779489890367,0.0,12008.134841368414,10696.272275592719,8173.137771399142,9912.8886619908,10968.190873736834,11867.741592390554,13440.105603262971,10904.497431493588,13450.869869918237,8672.507688686183,10896.61700920512,13423.565153185582,12900.34347641252,9339.857529470475,10349.956779934406,16493.043042568166,9531.772610008655,11675.769320262296,14948.845012857151,9003.27068494127
HILIC neg 127 5856a4 3758,33198.27815554332,39000.72516161316,47078.87159570797,28857.877238612677,37096.677094161794,40861.06124649873,42108.84225146504,22956.345785301262,21984.75930305249,34986.627799055495,39956.35125775438,29562.467148746968,33388.19924266926,45064.78522627114,47347.811792694185,39433.1285335491,33958.55352315665,42499.70275358888,48674.71651486615,46358.42234468001,40360.42971473292,24302.0131423398,22441.26111378294,28285.678628174093,48095.95352631752,30233.33599518614,36377.20893471314,36100.52098015238,34752.038893782985,41473.75552237495,0.0,38305.81356246696,31052.931586959854,41744.427090432015,43453.44957630613,43721.83706066574,46624.15888607764,36174.56950640876,0.0,40775.58035192277,46246.00478366985,0.0,47753.42020427333,37812.9198885042,31562.81277352673,53894.12448822062,33122.76961504094,51121.56795732576,37191.50352101916,39754.73803475162
HILIC neg 303 2144a1 2372,0.0,33229.88663882903,34595.491056803316,44757.359980400186,30236.69663684329,26725.19506440595,43599.146631862175,40320.99520814378,29781.288058118014,61732.76829861103,34879.236616728864,28319.86641508734,37522.53254707545,0.0,32697.394101266007,39132.03553152756,32058.12359398446,51705.279448518224,39493.29036701745,0.0,25485.219733761875,52412.80112477326,20337.727444700038,39379.19857200025,41867.040862610054,33893.6143394064,42074.72508480375,42749.87908905647,54268.49952360432,41763.615481612534,46385.51754884522,41415.80642376945,0.0,39555.16120230406,36750.89022373305,40118.93377751335,50194.412992876976,40340.25801038581,42531.75579741416,0.0,39860.98075685399,27136.011655582013,53039.50205038854,47068.90757983529,40811.378296175804,42422.90971858619,50545.587137106464,48689.09494292313,56513.32061960158,43742.66865335392
HILIC neg 366 6203a6 1825,20407.385325243464,11824.923746649667,24820.31590085878,22235.65102157287,27578.044581840688,33081.78443768176,21967.859314714624,24477.13342996131,12011.694175412871,29570.759695393266,16823.63757713365,26479.87233180583,22799.00882523441,14925.907301774365,3779.2824095139986,0.0,24789.207096439834,26017.59247216973,14744.493854236913,10767.322588852583,18463.916971776507,23737.75739208913,14638.133870100646,14654.397676079532,19690.21683489541,33628.11111338351,43738.42015291164,38920.97169908344,25339.60581215117,16026.672714230743,24447.66935510849,30895.82448583374,27539.887332043585,32358.607755936264,15466.086751872106,17477.27333978149,28121.261812733654,25230.71499507105,25921.651377025435,15495.002680809794,27144.607798364323,28268.473805862835,36805.15614549605,27328.802793759816,15549.532001463458,26934.5283311578,22440.891791717662,30193.95844594361,23744.54132620251,29954.555067176014
HILIC neg 258 7252a7 5445,21719.107744107678,0.0,17975.86946536276,20275.504347289236,13339.957368013085,26811.348637845702,15787.322989899258,14051.535754396802,14990.825554760808,16021.744096177628,14732.864117143348,14990.401996427885,16053.041653836994,28816.43759843997,9886.802554552174,16597.2287424088,13930.601479917375,0.0,15269.402470555155,23194.85279132224,17994.672389487903,6532.706847956751,20254.289484870533,14468.573756510512,15119.43712326751,25972.258785737467,14060.06257474777,17568.66656689605,0.0,18848.659328166275,25969.852149633265,24964.977272516917,23193.40261807239,29485.38733993002,23578.934867147833,17257.60847816241,10947.098417608277,25756.71200420362,23075.758096981397,26648.68653043377,19644.89615364527,31082.8634801149,27245.10337432628,23604.471875717398,0.0,14655.64621242439,23419.42109575225,22614.399384926426,16569.33076248052,20104.25581778744
HILIC neg 301 2643a4 0372,18747.388168449732,21056.033975644365,22028.202455828672,12220.257165565634,25601.913089049765,21556.720258022444,16867.22093692939,17849.75257038899,11702.563985557948,17626.083052104183,28333.849674704074,23174.144661945313,23814.947453443154,15275.948175575732,22951.589097307315,9178.128469490193,20376.734989966382,19181.207918497003,19447.896849147273,22442.309940015366,27012.829118979284,20242.64153897436,24218.767848093128,23395.132701065773,20204.374653284587,23322.46024559224,25600.603520323755,28868.499509962658,21493.759390576255,23062.315809654272,32148.477126631868,0.0,26422.061636492443,0.0,23523.80961019679,24787.587919062917,29732.51804241273,22504.715889516065,26325.16049343891,21737.92678678854,32497.80506790592,0.0,27877.66552994238,24797.338260156565,33173.85569486828,30474.666377596546,29297.47392251909,33850.01952396241,30606.349160726757,30166.57945655909
HILIC neg 224 4031a4 7409,29970.466839176053,0.0,22825.63429180463,16741.524920939566,36180.948572860376,16751.907486131902,31698.264852227614,30057.683415389885,26811.596744548584,37906.19768306664,28017.315119924908,44153.7991624357,31078.691559317216,38712.76562695385,42041.02128786258,49615.07780001994,43725.68560276274,40616.56144635313,29347.037014695932,39508.29689020086,41253.22878624632,0.0,25361.57183628271,27300.033877392863,33149.8560558195,35927.79119372516,43625.16027665568,31573.34333162686,39540.75085546804,33350.55486666996,34054.606179957926,38407.21714716251,36643.736805232795,0.0,40055.61562485861,38508.137146446235,39369.03485872002,38755.38491137929,45728.793770603035,38148.69787322906,35327.19900153,42413.82386923569,47702.38304219801,36095.69047279726,30179.08859094375,44621.00198691812,0.0,56906.89046565299,24982.202000882466,37272.087008421935
HILIC neg 424 8488a6 7736,4584.161626591892,9480.685394556223,6170.495251431704,5798.784534495214,7873.325183552471,6113.2327074537625,4658.084682234796,5833.232051062457,7117.037381311358,6020.44843668063,4638.99242294692,8665.415899313357,4786.238351409354,2712.1260183551913,8165.930054319461,8818.983273773923,7833.8047994069775,8472.728723456728,4851.78003704974,9225.09632977868,8411.481139466867,8318.806092923423,8206.693550093289,9327.139032360503,5520.188593421724,10891.61976902742,18591.56712310358,16027.009399034,13539.069246564373,11436.988714423056,11238.828719029501,15928.555687295946,13351.46046163221,15340.536927521609,0.0,12210.795473707241,16981.91662116058,17625.225650788005,13843.164725852177,22558.63202633216,17873.81637833246,13322.297872650415,16379.98523566931,14873.40829219553,14971.716200348903,12059.710968129286,14706.747144972667,13242.226834124927,14857.510031617385,15420.386556070134
HILIC neg 131 2034a6 1385,28764.449828668105,29043.85038937514,37985.11499527726,42171.957895497486,21441.53384206768,32963.00149739875,25720.681412331855,22125.35157044475,23621.761896763994,21970.11584195078,23005.353971263758,23915.49590096343,0.0,19345.74058941212,27486.97901806389,26177.990886462845,0.0,17640.81426452495,27113.30851601424,14260.163951896748,26794.676566945513,21181.01783497034,25583.967436871244,18454.14846945927,20842.663801637013,31585.359779429604,30854.311414684835,32873.72614182314,37982.84946340991,0.0,37110.10655591116,30816.615624979062,38471.29704497511,41939.23220779329,28415.683248490433,31958.904680931526,28823.418487257703,32721.077428313336,24240.062696841545,21876.957587354773,35788.368719045066,29430.75572642704,38842.35448657485,31879.34141859548,26331.1061395554,37204.823598138995,30199.910949113113,0.0,34621.429382724906,24833.588601569907
HILIC neg 236 4114a5 6302,6730.222837508245,6450.797500404689,7298.692774907945,5944.420752859987,4698.95312782366,6718.5194970372695,6214.741007132085,8084.727760702881,2760.035898266742,7049.678314853639,7397.450203036696,4519.739940264683,7187.1077520874005,5990.387188061927,10094.903801222528,4124.61686804155,1371.4360812880536,9555.20348287707,5762.47194750667,3273.2947853264595,6066.104394460323,6712.730328124157,3922.4942121606464,7530.785107810449,6492.336929517231,14756.324031710294,16326.515210123735,15065.824066353689,11355.853287115136,0.0,12156.898115738957,0.0,0.0,14927.614098045578,8953.228205458192,6134.669212049285,14334.752937493997,9230.828518341545,12826.470656531124,11579.288852232674,10152.675256142853,14745.155998787832,10893.384505000353,0.0,13686.94535097407,9822.092415459281,10058.786172568673,12158.939233255389,0.0,11946.249956247811
HILIC neg 411 0148a0 7484,10451.025399050486,8904.867640092134,0.0,0.0,3028.9081860552583,7564.718526183842,11313.323175641219,0.0,2450.8089645729806,8046.69141283264,15128.055302576375,5515.241928013902,9561.800494405294,11973.004864468694,9627.038409562698,6093.395287365966,4758.458511066445,8284.953772717958,8963.204158027276,9284.225547227667,16398.88302633587,8413.432437124988,6079.1525614602115,2202.782383107709,9253.549718652752,19725.333274943176,15272.158253266802,23080.046348346827,13227.037134206608,24051.398218068713,17386.947248216093,19211.49868309974,13464.822277622563,8452.374965271823,20051.280600217033,12730.915058120438,13061.38234533913,16381.022290191182,15604.504778141614,13183.99799890951,8997.162025539366,16702.672508194104,0.0,14043.211341065358,12909.350326934968,17816.467114680127,10945.314724969241,17758.685231834555,13284.752730329115,21360.16564136954
HILIC pos 288 6263a6 572,3113.1417463393486,4003.6855501555297,5153.973291936305,3361.0698979642193,0.0,7107.8120407654815,3958.4439065182146,4085.451079152598,4434.875100510324,0.0,5913.0676242681375,5686.479430038964,5079.491084261163,0.0,4636.996703846591,5500.908317950395,2885.4579527127266,7286.623086464813,5442.098133687883,5784.396339611057,7137.166867013231,7909.655450026898,4536.701813457255,5153.756947095857,5025.98276634192,12644.079421929893,8193.397649437748,16404.13505557973,11506.329479468564,9310.296780029155,11967.221813646029,11722.021479688052,13524.295215787342,14566.804252178807,13565.880071666776,0.0,15385.629231235063,0.0,12124.286702847281,14597.19745154861,12614.62238033804,13884.144600190126,14981.877837893187,13423.371136895887,11497.691537356344,15502.451755121327,16854.785849870044,13760.222902542868,15509.713126535811,14062.414175068332
HILIC pos 331 1173a7 7822,6145.64470547199,0.0,7837.433807298597,7282.766695702509,3688.0531496433023,5418.31426446247,6340.031928327218,8821.866466574178,4379.451326858344,0.0,10149.415946002826,6447.64344825176,7815.172963963377,9756.526013484223,4416.548039107076,5251.989545863378,9099.477366611143,4167.710770143368,6704.039377340863,8958.02807693109,8196.795495175336,8045.834131849925,6039.81345265246,11211.144418359389,7166.38893551199,14423.428628755208,16030.466433582524,12766.817676677105,13964.176077518234,12391.434679985914,15425.614151178943,13893.095136440246,14729.485736171284,11471.79663319503,11502.957473010072,15928.295522520117,18871.884690268784,16987.39074162593,15801.291466360999,14125.867385157755,18170.70351105067,13525.43311001348,20344.28418639363,17060.24097232391,13393.02632762779,11700.903678215325,14070.564807450759,13721.647265316471,16350.588267565216,16739.705522119373
HILIC pos 139 4044a6 0388,25479.494717401303,15882.012514173308,15237.609652688367,28512.551743325566,24136.09454894986,24168.975430088238,26429.82424426798,36514.06860126378,29288.678728057355,23713.178042981534,7588.682875449967,35937.71239174582,25848.414543430277,27915.81996011907,26872.224825074627,21083.205230635223,25870.837468191472,12681.458317976338,27711.861368973925,22869.455562761574,19223.84488570122,35998.12134881283,23433.806191523316,38654.39584749017,25652.00977794789,41174.31370716308,25444.819355858377,25341.787509072976,33900.7288801813,30708.521406258187,26362.744107147835,28636.143259582466,31818.048609154754,46705.00315061644,48661.53103693237,27003.169183964506,35663.69714266574,37528.66783242592,45594.22480158919,33850.15899143418,30146.46821137699,29011.809234283643,33398.10061591995,32852.91783542192,37029.86328898308,36292.72801886503,44012.73723352659,0.0,32754.856713047633,38942.57289361596
HILIC pos 132 7373a6 4146,24904.841774788943,35183.76960584333,46117.4354541359,26621.896432785295,27748.320702399393,33280.08244830063,0.0,22225.35648401455,18083.721245029723,22585.722481280973,31390.551454113822,22392.05784844476,19653.801722468572,23101.08944485938,0.0,12247.050519314142,14958.300418231163,9728.945346453209,20057.767044610395,15845.341439174597,34776.994648524276,14295.1398347105,30016.228967693594,24921.94744142541,21701.645569570126,33953.136279105755,40819.81783092822,22784.495351692432,26625.756425806747,31826.558592024718,31451.44576320572,35998.335401440665,38900.45122609443,13665.157048773435,34377.85431709223,25607.076298331052,35482.33336739454,33905.74086609824,34869.328118793695,30723.146759179595,29689.692802840313,24427.14690344728,31361.572003821355,29980.378610392727,20187.8176682274,26774.060494048175,31933.528883196686,30372.404319872006,14879.165552624836,33240.226022795265
HILIC pos 298 6144a3 839,0.0,0.0,33514.191116455564,34221.84946338744,0.0,18549.077487129372,19837.691673990023,44948.42367762985,24414.00561419051,12033.72015735816,36333.99762367718,22594.986640556832,23559.379871654433,27171.70769992258,32479.982390892128,38124.200289772365,23817.4543027798,27152.426827564785,22914.64460153135,28999.866461838512,34877.71911271319,25191.627230096034,31358.848561625065,36561.30503237379,25691.605437835722,36733.2207831456,44089.709816520124,22189.68472056257,35689.38713733361,30070.702502361797,0.0,0.0,45896.79006626268,35913.80455647067,24864.423788250442,35287.67420019223,37710.36406350459,35104.20726137566,32734.226324310344,35373.24761230282,40901.04192968099,0.0,40868.86772119209,41466.63873318283,32593.18893114937,31778.51626599794,36384.83260524387,30505.82307910955,0.0,39473.75626681533
HILIC pos 410 9203a2 7329,14930.345412915276,8834.308403896912,13928.427607702315,10449.153536749824,9444.274266773762,12525.570538087373,9543.839040001123,9235.286961757742,7093.820189476335,8229.88331238036,6347.627059988136,9900.056342965841,0.0,11931.950818759926,3917.488602548475,9182.998913900741,11172.851340142308,10768.241836043604,10509.65546676579,10988.040552633389,8955.082924497638,11813.555893547928,9824.057778527002,7320.746796519538,0.0,21872.76068991474,22720.556473562407,16855.219279733497,17958.879170244836,15041.238088016125,19954.3355637999,18275.75929566135,0.0,10408.343132889291,19934.66828605085,16228.367510961687,15069.710227556086,18969.049747324043,17495.590568446813,20056.094470007458,13142.360800249897,15554.053542111624,14367.171866293253,16341.331421256129,7847.205687268675,11447.99217564083,15763.074612926219,15093.430940471093,14743.117576949966,17946.651244276392
HILIC pos 145 8514a2 811,20703.24764663331,19376.831949982385,25651.766060264756,26375.229072150218,25411.51717771517,15108.192468145371,22046.808528420093,30216.68058439041,29993.046278762242,8511.838481989058,0.0,26755.728637181626,22281.545527052105,12689.704424666847,13925.333015443919,11956.487329982174,18073.732013579232,15210.411121256948,19874.610146712905,21429.776073752357,15761.56555777254,15625.054022618884,19637.37221840019,20511.822444261612,13856.877186761576,25640.65927519501,29681.768705336814,21726.965211776373,29872.938869539816,31772.169626449104,17319.727360456425,31624.472637501003,26319.325886589795,22277.183706578264,31237.75906285779,21837.441664540864,23019.20323187569,23151.90273074365,24801.098923797068,19331.06408582231,19548.457124734876,37368.33706268114,26373.758781821783,22337.944933557552,18817.283420960834,0.0,31306.740647980176,25895.45069774683,33563.83452770558,25933.481180338338
HILIC pos 306 0061a4 4049,30383.859081052662,27428.011835357098,44310.27930900801,34395.82082249402,32915.65742181543,38564.771039162726,25689.082987964277,26414.122971027195,30752.244872098752,23720.5748583733,39119.93590430489,39028.68017722127,32272.567247179333,39794.78523924714,29835.27026383604,24185.47244128347,41131.32492353936,22089.80772239549,27776.28324772927,18653.766233856662,30773.348742067094,42340.18762735291,37307.9025483307,47296.36261524778,0.0,38067.54260080553,36188.990750329176,29897.458041121165,36770.230457405494,32802.14501595843,41240.836513236005,36531.376604852776,50296.55042264698,47515.37969134697,44358.53346788105,34411.93994572721,46318.94447099602,43426.00166092601,43329.230176647674,34212.79432482135,0.0,28315.401696965637,45718.29184609118,41527.335664704595,55179.133193744026,48344.14844747184,39918.36965791535,41407.879162544996,57229.91604064297,39292.3180362943
HILIC pos 425 8858a4 4494,2911.4683171285196,1991.686130572876,3984.203706688402,2691.8856123220385,2249.7322928359204,3505.3229854487113,3179.8886165581553,0.0,4313.273134666235,3026.06526193402,3188.7278115572553,4095.151385381263,3607.163370431973,3510.9286131745116,4357.723619210556,3177.9632844070397,0.0,3743.161831664866,3341.8371882822794,5620.307766826812,2765.0087854250237,3489.2812551729417,2026.2398951655227,3429.106149292634,3080.461528153034,9520.288707062915,11448.902414110553,5608.585189599107,12089.233474589277,13161.21709085683,14218.27498612562,12438.834724203592,10230.273992360097,12679.970932147751,15276.493448449226,9550.30050578021,9549.277569344093,0.0,12706.636799103007,5186.100280630158,11938.49387675715,10611.768121199033,13762.515821370427,11368.196520583699,13669.551997339426,14763.726871007495,11579.447317893168,13898.885173406274,13412.27170857148,0.0
HILIC pos 436 332a6 1165,3671.889426003136,3403.30830628637,4135.5470415664195,713.390070165762,3728.936630807382,3546.314926234083,0.0,3587.5812513538726,3964.174553398593,3627.060813349788,4954.113936254558,2852.5570338875905,3786.369340258178,4727.470720094433,4726.326232772083,4330.864144955219,0.0,4047.853270624202,4192.643057726624,4384.943961975294,3281.344233830187,2459.589567098618,4312.9920492568535,4845.5462070927415,3879.533012478157,9501.195408828773,13674.477387216713,11714.221026136503,12382.428062251103,13623.762476533311,8995.065677493643,11823.211666522695,12329.988003498067,9311.15545933209,11658.371293111617,8030.044670227085,12211.709385832915,11745.634367904015,12034.982143436177,10344.854100323626,12459.628069577135,0.0,16603.11442518874,13088.451867176173,12808.676992800383,9196.63096070591,14268.629955455955,14358.058582709951,13941.526407289057,12377.071374977553
HILIC pos 255 0094a7 9288,0.0,13337.359990576535,24720.581248001916,19596.664526190296,13502.049448624635,33232.92008728615,22658.535978038053,23490.8361437995,13453.532324614458,23476.89124577883,16704.434165025392,17526.232690534307,24666.3917913836,16573.71391255165,0.0,24214.432268639288,12960.028227126722,16199.37890962318,0.0,24957.661843458576,16358.496186332453,23738.859886720886,17986.235163396246,13415.697965500485,23120.81383135645,20955.82248702652,12923.75519877792,16717.052186423225,32602.759093820812,19575.82953056725,29798.03822891597,19070.547037454817,25906.509962379627,28314.745411271604,0.0,15868.319792816563,0.0,25630.704681936033,27531.40102207016,21112.020794088297,20060.910581535787,23462.59684531528,25551.705688710863,24317.532168300295,32431.211725086945,30186.01702671162,24222.24863448723,28474.700484375575,26077.992016339864,24837.676190940787
HILIC pos 417 1474a2 8239,10493.153716419032,13203.846191907529,7404.564307513755,8473.504734535247,10585.892765072911,7606.321420111115,10503.249335802904,10248.729514678926,12484.653924677239,7941.329308005108,14304.506794289788,9452.752427071873,10867.547640822986,6352.0730994287505,5925.690314980458,10981.350007594316,5326.4259923924255,9685.035583399529,9400.198889515987,6573.977830800818,11576.244033887524,8245.231673767461,5671.660834553988,14366.341967509912,8537.97604681896,20193.922589272504,12707.669010215384,9098.358146320097,21476.455172654172,0.0,16656.780323243907,20069.45918612772,22208.184243430944,17748.229811940077,14271.06955450432,17260.871989091567,6765.8645607570415,15821.805612083273,10972.53161224665,9275.281093921385,13879.629781444932,12865.546777055357,13311.766500652766,14377.447758533777,18682.467218727765,11147.725286507042,17112.17605715844,15598.135685618576,12263.190677041373,18659.63075999119
HILIC pos 297 8334a0 6647,9501.849332385347,14209.23767703506,14481.986762793245,4733.67160459565,0.0,13809.008765349023,10656.427972963198,10928.81377290183,15525.203831140783,7458.001657282424,10497.377640565923,10193.69755845709,11203.791077667904,0.0,0.0,11301.402735244188,13920.834732490857,8419.883235314526,10629.897635013282,8827.93081799843,7812.028414536239,7020.52347411173,9138.227641591311,11048.781800890496,9696.774319037992,18348.552456980146,13479.490254345845,14298.527207283894,15499.469681327593,14442.385104272087,17553.366097104783,20766.878755912956,17517.691103499623,18331.26063841555,22978.28278981875,17500.840658068024,21082.74543747825,21493.944806413572,17954.342276849882,17486.660732387274,19187.0235000043,16616.744960137985,23546.50810036401,17864.62252828105,19532.35602728399,0.0,20430.4606417117,20916.76833342652,17582.499579044576,20291.26889173353
HILIC pos 449 2162a0 7574,0.0,45756.939405651974,34353.285696151164,29066.383027400072,38225.24039492732,49100.2617435845,0.0,36432.02423494681,29761.980609696024,53952.947794459586,58338.19379130891,34071.507604614366,46009.75773650384,40433.01343672478,32006.081012799998,48301.08664063595,21394.581130019335,37503.17365403883,0.0,46104.57656205869,47757.47083521485,46186.8687412227,56182.15239033408,47815.09476447883,0.0,49605.40985178815,47446.16463092415,55631.885629522214,41517.67448495221,53760.78519055615,46599.43415406015,54915.187308185785,51412.15995817018,59180.92321873128,40378.61610446787,42271.35581048033,40440.71193115304,71550.00116895705,62663.55353671906,46823.30092322942,43577.14677950145,55241.72017531133,55306.93335982222,59613.173539967254,40208.383902248344,45465.87424550832,41280.44387486496,63962.842699277666,62498.905544525056,73285.51408410084
HILIC pos 197 7438a7 72,21291.821746025755,34127.98415968231,20363.480882824508,17091.968820384525,31996.568690442895,12060.042404272355,20558.788961043938,40900.50150109861,33431.14386970542,24935.213257676878,27837.607809281028,21365.282983676232,22461.834630930774,27031.654332553007,31049.495385468945,25482.058254701573,20589.34097860099,24177.100600460555,22762.192661920788,0.0,25652.871472453247,24259.320825292198,17920.16677698111,30167.717721591904,23583.49291139672,21188.954090333198,31293.253482076336,40007.94972352407,32318.43159706032,27947.09011506546,24585.416439506647,30358.08073254898,34976.95039457507,37409.908498495555,33133.89909528693,25885.766725269757,24924.448890248692,0.0,33977.36132703731,29792.686728999495,0.0,26587.0473705985,30170.9351403979,34582.032365028805,33645.92192995748,0.0,24496.197574750327,26450.334724619843,27307.485565415707,34259.65009798868
HILIC pos 141 601a7 387,23384.93243782245,26769.867260086958,22887.029118587696,20942.324333200675,23913.74379902278,22169.451242872685,19634.577745412524,26689.932702790495,19341.01604339405,15110.869769028604,15601.819897341924,7576.6543158744835,20777.445509119556,0.0,27677.818286278307,13776.653508750132,25678.100340306893,9538.590141429402,18700.59706524011,32374.44693553615,19905.91091602374,27532.189509826443,19583.671112927994,11635.678218775332,22774.18313426688,32195.529991154042,30073.1466879964,30087.19984208732,0.0,20610.62449152347,25014.38127906862,24162.68538819722,23581.378965577744,26955.651063475958,37049.57607935381,0.0,0.0,0.0,32744.84511655077,13450.79949468844,18132.203805983117,24253.448729828517,27028.43898518546,0.0,0.0,31181.930046173886,16532.91771989027,24632.46930874599,26844.40777288556,18449.918335952774
HILIC pos 448 1172a6 8567,3503.791889916316,6580.276802179585,3640.263852070864,4463.99633917778,5648.30676744365,6911.673693952367,4068.3098540029405,5707.620458770071,3764.7266387856625,5979.400259157337,7440.551319689518,7341.835489413286,4697.704925523184,6150.538155155127,4077.4766669739256,3134.3534611157825,5802.399774633904,0.0,4581.452935902781,6602.981609625993,6951.0163582089035,4320.620924100311,6518.309974144586,2765.345122972949,4643.586393139225,10799.29991539594,12715.247388312457,14954.008057271523,12827.375462438225,16348.898831008675,12299.612708798733,12970.08470611652,13376.060509851604,13398.105850998807,0.0,15598.556678547124,12975.11108761848,15400.912360646285,0.0,9494.677057927214,12785.329786369259,11794.327532502452,14841.262333465937,13953.158820572125,10827.980964952976,16492.251109627803,0.0,11361.7434548578,11974.741369457795,15600.289051132648
HILIC pos 346 6405a3 2719,26549.654472244547,27838.42227583959,33747.76842110448,12663.144056707368,14842.365787576962,39551.76900733933,24861.291888227817,18621.321308295315,25436.16095827786,32876.14754189438,29596.41630312837,30963.091851271096,24158.612969432506,0.0,6994.093447447131,14497.329067638479,29457.66521269514,24721.483155929087,24410.586394932914,13537.481683773422,31239.717863693535,27977.134367857525,9085.252667237053,18762.232703142963,26678.703482984674,40272.148851806625,35566.950631420645,23356.26735929242,36906.882364591256,38617.758522691875,33083.62270050431,35168.9068055936,36401.44326253022,29760.774215422716,46761.237950540024,36782.07171864517,34041.1480141898,32333.02060020311,40069.66422470663,40396.79578353789,31615.48138212179,49942.33100020215,36911.55775223754,38570.37045196983,25936.628597316463,41056.44255065487,0.0,25131.93492209395,32929.1737783237,29251.75065450817
HILIC pos 334 3285a1 7395,2520.257060490523,4484.835399087888,3158.4779406064167,2166.0960149974057,4152.351701567581,4655.574010295977,0.0,0.0,1767.7243616602864,4168.19141625078,3225.8445591470477,2825.307400767856,2009.037029202612,2937.5788519580547,2959.8194091060177,2498.8259440438055,2300.2578801228783,1785.582519987818,1798.0678556206317,2499.6500039792722,3884.1485105931374,3991.2221516462673,2089.6085622039145,2958.2310516857474,1826.1851039326284,11703.290147033887,13134.248539030856,11702.916873886792,9503.439312540828,10943.467207768734,13557.93304603376,7804.920402383419,12749.854362500273,8918.390266469172,8374.824222188943,8915.750411132443,9944.99933793055,0.0,8846.154120747835,8735.960623519755,10869.690889508369,7278.922723465361,5429.293413144162,9768.36560778647,0.0,7410.862260257158,7352.607247187055,10324.583882003206,7093.728494983473,8587.537022505914
HILIC pos 215 5364a2 6707,18036.568598169117,26925.688919711178,15976.491142908058,9958.128499957791,21875.652168391967,19710.098334959133,18648.270164541565,7519.703608835134,16960.279542295815,18086.412778629736,16689.623819254233,11932.610872759324,17840.065143060314,30060.475739176738,15084.498761894702,13185.043745056473,11090.048263327575,20696.81795995962,12250.746164579215,9841.889785390553,14615.084476365693,28059.620275110905,9411.453036750256,24843.99914404039,14522.09042914621,29070.982521749105,22367.41359691599,31413.189313637704,30609.45578065043,23785.173412979446,31301.77606830948,25129.140337219047,27150.977762818853,18191.753743743415,13626.325624256304,31173.56348369274,17146.748825939532,23576.35795492044,16324.803248429764,23762.76965339299,17332.473539741502,25640.40828066332,17927.25290948954,16856.30701539442,28307.436532409763,30663.918397592504,22485.680145257462,0.0,15258.964501007791,21107.233277950418
RP neg 458 0877a1 5798,27642.481421840574,37436.871283833156,0.0,23706.82440984917,28551.317274481255,36062.75068343106,15189.138385009674,14347.975303457622,10506.52817356731,21150.346030962988,29435.463775653785,27273.45831403575,0.0,22242.71161430475,42620.36597778387,21479.796006247583,28542.284308590806,18556.51995417562,17119.956196706236,31821.961459756207,26313.70587081877,23329.344061090913,15757.859037209433,7882.717636419853,15154.51984081515,44372.51731953513,34967.00926352319,28197.602316430402,0.0,35970.49624381446,39262.51556649513,29745.720007191656,40053.047598034216,21598.006364721343,21625.72175458809,27472.09024957928,23901.500429659478,31303.521683147177,45044.696644708245,13385.1529047511,16703.4946634919,33044.518263192374,35875.41560659431,25711.965062082938,27387.87037949983,33177.13613982235,31502.821561008695,18448.30581576982,24012.83925334376,30677.384987937043
RP neg 365 8511a5 6086,32671.388633384864,27950.337628776597,33031.29797032348,30040.742088652227,46248.782324493346,17049.41940021743,33248.09645066868,43929.23381197478,36950.001798313584,45416.3903179541,39404.15172307205,32609.91362538062,39753.92544550442,41087.93343976742,24795.75398166399,48372.716986812455,35462.7923918602,42250.67968146044,37556.59479166606,33581.09111376864,0.0,30574.925073906285,33766.85429015357,0.0,27243.93670991976,41882.50453424142,45517.26915060673,29091.821901013464,34372.32129996058,36698.39471546132,55770.45895805359,42011.75442731892,41194.84721054233,46199.99868677727,39362.00835829273,42861.963880363815,59536.43554689249,40475.58156120151,56802.91926285638,51348.56462591146,57909.19618200412,58006.443088244945,31471.03814881923,35685.239424186635,43649.33822550406,34826.26880329393,27699.630567857144,31228.77679429096,36220.73754188555,41284.586922163966
RP neg 369 5116a6 4389,16537.304190424802,27895.376228156638,16739.227328842975,20086.87600194989,13822.591255154639,16574.172558694398,14072.142408862373,10516.737837542492,19539.99886671535,5849.685821777999,21036.884173192844,20162.30008927382,12364.187657105125,12658.213956644227,13088.96006473637,24919.971102096682,33660.2717423454,15202.575282023032,12175.16790500961,13098.737417422586,18544.03091231838,17280.537547831038,13227.681566293353,23480.220543774172,13082.445407826704,28412.307008412565,27215.065922001082,0.0,30515.161507697987,26551.515737023816,28039.705477940133,0.0,17739.657725163102,28765.31635986916,14803.009628787659,28942.718614265636,27861.60857443595,25551.010410710755,27553.35409911132,24822.663540692018,24690.258291884296,15841.342680175321,20671.964963695664,18281.21962315014,22428.713237165008,13811.22643853851,24030.96709008035,0.0,21093.366080702257,24614.831812879635
RP neg 222 4828a6 0392,12737.325665454466,12262.339594996129,20521.124240159297,11604.946455647845,13334.001820106425,14529.382131674947,15018.954648098346,12670.687845796268,11706.755154791153,19199.972247602218,14901.82479914777,16855.95245619223,13130.35241792374,18924.757082744385,9466.138113352461,13580.031591041747,10932.803613628232,13352.87618333606,10963.922012442428,7956.728823491364,18012.061178323907,0.0,9339.200208354447,14479.052048240814,12181.256945420557,0.0,21795.34525889098,20659.721394769454,14340.491732076442,18011.51418896162,18664.59664674878,17660.063715616612,21028.267188783433,12540.307355605582,26178.605429706295,12997.451131898533,3927.3009792123257,15323.747483673893,0.0,21688.372427680955,18561.12273700355,0.0,17232.26753053897,18188.17090820763,16159.681389139407,16375.90349611189,12944.946699802706,19041.07706687965,16627.28620199916,13962.244630639956
RP neg 114 84a3 0917,21222.526641902165,17336.14562682779,29287.725520290725,42751.76208896928,12769.093296340548,0.0,21441.19203308021,27726.68916857372,11470.183847957942,25622.252997425094,19941.930551846228,30795.044682479245,21231.58410855534,36472.65263474078,20194.403246487367,18816.525338073145,24272.972235964953,0.0,22509.63043786758,17792.896772518197,26908.680268043634,28784.746264262965,23405.994336420834,23530.489729214467,17214.77391836448,33516.37285543001,30922.91491625367,45328.81450975383,24751.385719571026,32692.194394815204,28384.65132464689,33521.79498793827,35720.56533400985,27660.783236954252,24784.852394653608,18489.977244443722,21526.28057304629,0.0,37069.96746923756,33101.185132850966,26394.553500422295,25779.659801206115,31033.213522120044,30437.584385023696,25965.364051430606,24315.931119746805,26917.77041491996,43704.843180581425,32817.32608900484,0.0
RP neg 317 554a3 063,17485.50725334002,5089.053082276659,17116.180427860545,20373.88248701087,24910.096417724744,26241.391955984636,19918.534962556932,16597.437152116396,24709.202442625967,23676.44727614813,21765.879442974277,19504.403050294386,23779.789530688256,24148.774135416457,15095.094466634953,22707.56116126704,31966.644221129012,19574.56997385758,0.0,22362.132776402865,26947.899605872884,14994.429070801983,28200.475312513117,0.0,21264.79247461982,21259.81080895334,30136.21331321039,0.0,17459.046219942367,27126.61607954104,21427.754905305937,27969.13789417682,19775.06681769512,25452.57740580167,24864.757210456646,30480.00244846286,30113.69693523369,28114.125772441064,22829.21903821564,22169.6676395484,32337.510553814802,28402.165999384255,14751.43313613399,30395.84610554779,30836.692379976357,28598.603531989065,33874.21222748163,27659.73452645835,30904.47313332485,30772.826142873644
RP neg 419 897a3 9617,0.0,0.0,21774.90387284446,19642.50497132809,23385.11529768437,17191.456638021747,18419.85337732133,11790.133340013612,12166.918827681542,16696.796097379996,11656.168793605364,21277.614653918183,18326.407427515824,22579.11669157611,12101.672898520124,15650.163006727287,12775.736832925724,0.0,18217.770327394177,19578.434934162316,20712.928852290606,21311.908391524452,15959.235001360401,17615.78055901748,21282.08972878427,20974.71929646499,25394.29285502344,22514.73739227074,22295.13749099697,21784.8960531093,22266.191633515493,21713.652486437953,25586.425300188817,24769.47761231567,26005.08658883116,25936.711427196282,27968.324473562996,23215.896712564027,21749.12071448683,25890.809494582532,30336.161269491215,26259.54028678605,19142.7210714197,28673.5135755029,27760.605115236656,24273.366866253444,32689.22046158134,28966.69065363576,28363.455806250535,25357.15219739671
RP neg 493 3039a6 7816,9779.07417968959,13820.368713530585,9138.158748898679,5393.7546372823845,6582.63129521568,17523.771935307406,11113.035643497737,6341.111846049216,0.0,8587.575506355754,15088.258713205156,10248.920490195032,9740.763544897725,8857.284306546342,9523.227553003728,0.0,9297.973725601201,8806.995151950174,8175.174490423177,8747.813318711369,6163.3087935646445,7641.870408375644,6642.146338984697,5995.286958030631,9703.572426703038,15809.049740405564,18818.111094260767,16603.726593622392,14481.734107942952,14576.411167401895,0.0,12574.153930648765,11917.185846947968,13590.045963725937,12902.608116817288,10874.294886435484,16985.851170979848,16461.930418770116,18514.999776335597,16423.054158559567,19571.501695334275,10610.426515898864,13631.815582325891,11265.951720918001,8545.217827174432,21351.353936965133,15385.429259157925,15708.151301162266,10895.964011342296,11761.492662891465
RP neg 359 0517a7 3652,0.0,0.0,30294.512787372638,29770.445123496567,20930.371277730923,25778.04454451947,24157.67963001256,0.0,0.0,28396.62068325262,29417.46546145156,34570.18457592784,25771.426532281854,0.0,19571.693432043838,26893.14558076277,35659.33853025022,26553.974969708514,25577.404576488607,25164.5785024995,20757.69197773882,23699.17632222183,18765.580920365388,17040.488395249708,23976.602334631763,30076.32846253864,35137.56007730949,29597.372681985078,0.0,33402.51198233117,42626.0227931811,34898.22244057048,30121.982437807237,44165.758954693745,34426.92288958516,45854.21605667275,37981.52383951314,40362.5828093009,43843.52096356541,34758.374416971106,0.0,0.0,0.0,40841.381763941274,34692.310512188604,37077.03625342276,44226.55601939088,34267.68960163128,29177.67812470068,36902.984747507624
RP neg 435 8009a6 2215,23591.55887572399,20624.795025447776,19754.69392719524,21873.68188019213,31685.659629096554,25034.627318095794,31756.5079451862,41633.28554733802,31581.837086905525,25373.25298584585,34229.63732493983,24094.211995545742,27460.716129321074,21372.478783314004,16971.953867326458,23837.991368288072,17144.72201770514,34430.58351742461,25870.744467519555,40519.781970669064,36081.2607734098,40312.90348185155,0.0,23892.804320481948,30086.042578123823,0.0,25808.153288030186,36506.6652867961,30120.414404600673,32502.08120751857,38419.12952123362,38934.63679428751,36863.16729756091,35096.84820015996,24305.398610885335,30909.433907582097,0.0,41774.01089198481,40494.66685905901,0.0,36426.358935870994,27117.237537255667,45691.03015584766,42879.281196280615,33259.45873092996,37716.79622426741,34958.00824417153,39518.91295871098,26951.09848826565,39913.471923817735
RP neg 358 2061a5 2818,5137.148371686039,1062.9039550565226,0.0,2840.4411728097853,4975.143519639605,7327.389721597804,4560.634143429341,2335.304184765631,4632.903443126755,2975.278310543044,5161.699855504072,5465.525128051684,4784.684876647148,7200.388979390229,4160.075403732913,4909.613327082452,5125.792642018058,6716.245649579349,4560.4129216486335,4060.556876030324,4540.129634478406,0.0,5857.397982747049,3862.531311045307,0.0,10850.890085220732,10851.386324972402,9763.750179481493,0.0,5708.827372282576,7434.272258418052,8745.125715311224,0.0,11856.572105663981,8359.916676238474,11187.666091839765,11728.549116806485,10336.184698356257,6494.978760494419,7814.1279877200905,14430.174695368334,6162.74409709977,11488.182768873254,13064.378912714466,9546.75935348602,7343.380594916497,10700.878577641008,9157.88626698457,8223.421703956976,8297.67063179773
RP neg 397 2502a3 7998,24761.416369016846,17813.049181453123,28305.689748150875,21454.606841827102,12252.364666368274,0.0,0.0,13726.38332635483,18999.62114465093,9130.927053023584,12921.77726519542,26639.268189765982,19958.353080265893,20674.61471082473,25355.620264247278,17333.64038038787,16197.175737842577,11694.754668430125,20157.389414034795,10366.434957675581,18104.31148073135,20239.705634384773,15619.28662508458,14754.825877684645,18840.37639618329,31134.710490668647,0.0,22015.584739716218,20259.298411005784,27717.34212312183,36305.243761176716,28342.81039331312,23927.306618006998,24300.945905950928,23694.553135481096,20835.346630299406,17196.52496014169,29051.143491808067,32521.045760739635,18569.139740781226,20830.356960186597,25136.706766309497,20582.915570085006,22895.913688950448,23953.979652638176,32680.117602402206,20408.668687629844,30586.456952041048,33129.00766208084,24697.753981227957
RP neg 165 9294a3 4261,17516.038034684298,29397.390890466733,15299.982115148396,21085.75974354591,21096.56400746374,0.0,19266.239220287804,19231.713499487083,16087.315106499098,19976.810051533186,14829.070420476352,31619.489119746093,20752.046661633118,22879.615845671982,17440.35342356788,24100.162811005655,28991.923575807967,25622.82596307651,17582.83852657584,19361.069531698708,15959.274403828043,12439.369902743028,29771.53955761058,21432.287752831253,16869.383205159265,22080.84888769754,22302.408494152478,21918.493259966544,27694.74787643436,24723.13549077682,0.0,22769.024127676028,24140.105120283548,20812.224069264885,27663.03634123657,25086.748382320726,26988.560113907297,26956.55362965063,0.0,32344.700433393737,26778.63012290883,27804.076543132902,33682.55590719651,22596.983219453698,29719.833990854324,29608.527166176067,29763.489751509336,21045.589116608888,33972.94245880387,24559.677811552283
RP neg 413 1764a3 6741,14353.053840400411,0.0,18387.1553217482,11915.735621342055,14801.098506576354,18811.73363181918,0.0,0.0,13239.258797187818,15056.362053364748,17184.091396594977,18990.929162185777,16451.49419750017,19225.143131407058,0.0,15492.445815393488,24315.386843156106,17387.144912465395,17332.351281653024,14239.220376631149,19002.539194232802,15777.162159322823,17151.890769625334,19063.96331947093,19045.051374719285,19626.797745779833,24560.42071414656,18239.198979510005,26747.217349600738,30958.01673169781,22234.037939459806,24211.90442869564,26967.844129270783,24843.09717872189,28535.393804268184,27910.2955524259,23744.072662372895,27724.022132227463,23354.048836098907,29059.84006340991,35298.185190824515,0.0,25263.22104297403,25992.97190767618,25514.92328137379,32815.473782559595,36373.843611960154,29883.408723086468,34327.48261046823,27536.16920514758
RP neg 115 4062a7 7329,20556.317728889313,34270.07787686611,37528.365580688514,27943.90533906319,32495.07494525861,31937.416185208687,25034.044620516783,32434.981995755374,26591.528308562854,40782.09764314929,27357.658963709353,38389.2566540806,28309.565048687684,11928.363651812157,37072.385956203,43181.022642700744,22173.289836004606,19254.551258568685,31161.779806557213,24313.77013592993,50885.67751029028,32697.855315478264,29593.390050683167,43437.954957927155,25307.760061496345,26387.843077224603,29264.248430126336,39219.40930927688,45900.595074909164,35105.39701101863,38449.20884062455,33445.5888075771,35706.35097246108,35705.203211481195,38608.90073978021,25055.18750713441,43443.96012644418,40180.75246131919,37515.14275462197,39258.82537519469,32457.990371567645,44455.673853161126,43104.21459694225,31968.233394300118,40207.25260076531,37394.065886205244,36688.80583746994,35346.1399296451,29917.800261509525,40021.5337732068
RP neg 300 1295a1 6959,27124.80150883443,26243.119817805225,16804.430736319744,20980.82700118307,24274.694394294434,22977.02320729579,17577.247132544908,0.0,21356.903205788603,13384.423927395343,23609.938048401495,0.0,16572.113250904054,11159.152489397013,16452.866494781138,16857.02152984952,22037.68097997357,20459.054831268626,0.0,33044.931478329134,9327.979277920003,19073.668119709986,28817.285011240438,6959.21681183643,15745.235684900532,35678.176539877306,23088.186660904365,28942.317150436138,25254.199094952914,22773.593521502306,34369.48793092093,26628.606549149863,39745.90077369241,32208.033272894503,21971.2223241976,27546.073413916776,20468.53353511943,24317.660896217523,36349.70444387867,10526.607660537187,18439.15040846277,19172.550957955635,25144.741313174716,28798.75585620415,14332.395532171133,25236.759775840717,20781.864287013148,31783.6728521911,18409.45295187093,24056.01518400523
RP neg 177 6084a5 2913,3844.4463676927508,3591.619036606963,2489.5535774806403,3287.1720187961814,5319.78665626869,3836.8018033361927,5005.347109008211,4545.676476123862,5272.823816181784,4048.8949752357435,5606.626470705341,3415.074234432596,4322.340663910122,6900.563326718167,4445.036836161218,4984.288204416063,4622.96999587518,0.0,4757.414667524554,4066.6883208102927,4233.279593613347,4114.430741936654,5130.480085343684,7189.574927308245,5516.609901762584,10494.752200149072,10204.507218354125,0.0,13191.517167984155,12440.885807869126,13016.64971228693,12365.864634015783,15021.963359806345,10736.813885187647,8289.710123185638,12696.642207713105,11219.610985830263,14730.527172569857,10195.412288251317,0.0,13824.537244532366,12466.826029441287,13601.240790756994,15493.603553505292,0.0,0.0,16047.47462836688,14082.543600137027,13976.344321157283,14684.549937177972
RP neg 134 1196a2 9606,8048.657979607294,9553.202233348065,7721.295634690257,10053.11623425489,12673.405572376161,8298.79894094369,7964.492081998067,9611.455095443087,9382.78440222892,9711.342160704282,12942.281744890184,12468.737527351985,0.0,13382.512828294286,11655.121983225046,9029.118574564018,15244.075081599516,11360.740587268096,10370.050891060195,9088.741905771756,12702.892744625056,7722.969426255374,10628.662162783314,0.0,11020.449907149123,0.0,15068.11018980547,0.0,19318.71208483802,23722.861560677302,17313.28530436504,21500.613348584768,22655.086063687377,16192.49227878174,23362.500588229937,19238.994157271907,11766.207030182808,20952.06363712348,0.0,17236.99945328679,21113.560452856538,20241.755702922084,22595.22119189282,17984.279668812433,19337.526694083073,23892.910244312843,19899.92494048736,0.0,0.0,22821.01067471516
RP neg 139 4456a4 1251,22042.138221371413,29859.39155057316,18245.78934371022,17532.161195614302,10807.077829913515,10783.525778543462,24200.60750903392,20806.630410981874,21868.192145049696,14705.410436362343,31497.581820000032,0.0,21671.99370609211,14579.326582004036,0.0,19964.33596487653,25745.663932684674,18911.465524720606,0.0,26254.561671282347,22899.631102571366,27303.801592600856,19901.33930291433,16701.051195822234,26536.25891526172,18382.522447755993,0.0,33463.99479590609,15236.962008436745,29487.886607043296,0.0,22421.992343559366,30099.98725548851,23382.896828768437,21240.121300532464,27860.946391891157,18030.855846727336,22391.380736833602,36031.87150607506,21814.170559723487,32291.247725984405,26906.996639304878,32813.463112464015,22591.300492742615,27098.398067395265,30896.369893582963,23981.897546941058,0.0,34252.823568136766,24938.783276560243
RP neg 385 6867a4 136,9795.430611692727,18156.734704269038,10485.266941082367,14809.50534905866,14535.74695580452,16186.822813969568,12214.571672883132,20485.44541853831,19333.127402117578,4166.868762008383,14477.117772574464,19040.039713465623,12899.579896292504,15467.86989286051,13196.706740660713,14205.721195977354,9882.02140816045,11549.445775404321,15165.405246462524,18982.906263552246,16439.349278672355,15881.207191316893,13475.659028376565,10083.204237139442,0.0,19212.037086362205,14775.52732998789,23493.496116816405,0.0,26855.765619952395,25967.100889022964,20430.49287210215,22211.630813085667,20605.647168185522,19871.18455631651,19407.614435140178,18887.644080219234,24082.556593568108,19046.41374441512,22911.697595281505,19462.256891619265,0.0,19555.700349828905,28595.579491068806,24737.1880686978,21069.285866580696,22113.659820686167,23927.705611960853,19656.75833363509,23913.44225496043
RP pos 490 9235a4 0176,4237.886940722045,4288.363639094803,6012.476720519331,9460.19491360542,4982.011179400649,6759.603703201687,4456.268983571494,7371.200634211823,6590.484051839595,6929.498072243796,3315.2200759342545,5341.234429510715,5763.631345402557,2736.920513496258,2095.3650459791916,4018.296192088448,3310.7097758951772,7050.537013137937,4993.149749377004,5269.439345595404,5038.68578169996,6369.100632557993,8322.628616262673,5777.523007088156,5743.972909517833,13922.765044286345,13856.030227211042,13977.83999676807,13125.506553095194,18561.85807357167,0.0,16664.201393334875,19006.823290081047,11025.454269390682,0.0,17596.868229138137,11803.584870462864,18299.186144548104,15299.599046063136,18011.868288745307,20737.373493637613,12277.756554877833,17834.56852885279,16599.491452631184,13210.904892883884,15779.1926225442,18006.985268536886,12475.346001426395,14916.624300955227,0.0
RP pos 383 4976a2 6503,17682.059768438517,0.0,14782.112903654044,17353.350919800083,5857.00873115814,17955.668665954894,14875.235557501459,17079.85696318375,14140.811972449937,14709.812955905834,8829.221847740264,16666.321508905905,15524.841997609157,0.0,8962.099240131429,18456.510098054277,6637.242765092693,11215.611265366118,11303.3856346102,7025.004669447919,7836.010036870882,5793.982632175072,18007.589295192465,12440.536344448312,15293.37047435721,22966.78761571872,28144.92731716897,15541.966114438594,15810.528734218824,17990.421770754412,26886.018722727324,20837.441309383263,15708.040743477552,18654.846691607177,21809.523682751664,12857.69320117612,29680.74313694181,17571.385692065844,9910.99375873993,0.0,0.0,18230.720430202517,28124.36222252574,20981.163276025,16586.625782009072,16777.497027921097,17422.426095863582,21849.138558542716,10797.550348889028,19640.52544774569
RP pos 344 9911a1 9656,14100.297851968786,20967.37920718567,9917.908440834908,19411.827246349872,14996.379140767749,19750.009004909993,16331.843871942347,13183.196797304854,19122.83862761668,12916.735623424467,17972.214071101625,24215.840498136826,15520.67194106905,13709.201480402124,11648.747429772573,13020.486033262116,19986.132814926554,11816.805529595535,14400.726074346117,8978.930737472894,12985.342641943047,17998.06883448529,23479.34390603941,20314.81603083543,16261.691742314619,22776.67206250078,18852.26538450423,20435.395794487526,23886.27362096031,33539.76578984512,26612.37617773633,23734.97115153311,21417.43589419113,17197.071637718545,19046.311079807478,10713.411186251124,31710.583647387622,25351.141438711176,22952.05882018991,24052.106809218116,30266.204007508528,25858.32223205424,22911.918955474135,24071.920220520955,21671.463599456827,30458.434154580045,25040.396115131025,35900.05290001488,26233.00169970296,28059.543328829746
RP pos 117 7095a4 0945,26025.374234014536,30661.490075049656,22720.083102079407,24526.01541222123,26096.722805331712,26109.27849263284,18349.03592188099,14815.381210923348,17576.700315716636,34401.06647291993,16042.954161968915,10581.99061115905,22128.539328161165,4584.568776860228,16011.742829832234,23227.274131275586,30706.86319864082,25618.105518901248,18054.43465087332,19416.531524990212,24736.746908661386,29596.104669009757,17732.643295565802,14106.763958451653,16501.145319044947,31964.595003670398,26657.662551951278,0.0,19599.9513825622,35239.78723152528,35121.745903556526,26060.896500555147,24420.35736847553,30000.588138917145,34941.06063717243,27323.890522539416,27673.18073432909,30036.325416715645,14617.858667999246,15027.903620879553,30765.896011951034,0.0,23003.55013139487,0.0,18592.275647354112,20768.310355517435,27031.53812189988,29245.500474041433,19376.836281184194,24944.870625661984
RP pos 294 9596a6 7569,10266.824084297763,17809.58365793187,6965.797849298814,15175.233908891802,12766.173153543945,15162.86627577039,11397.647539452792,6525.035223419671,16894.43064559289,0.0,11080.00709198645,10319.844916595288,12539.138205295885,14999.331476512736,13332.32860628976,16193.482533159828,11884.029345106437,0.0,12172.722575774504,9301.258193165837,0.0,16467.31109580963,9486.456244639188,9696.332606960546,12656.736778819417,20910.625756836893,20058.884772792757,24284.22452458079,0.0,22681.091566523934,20816.739422309638,23390.734272628506,18162.980386381587,20552.59502492105,20200.235472439635,17709.942264089947,0.0,24608.75449716188,23070.993189262135,0.0,19537.7255905446,21044.017662642393,28131.163860313467,0.0,13716.151024450188,25982.229717380607,18906.693180520222,22235.23889582895,20430.392101195554,23450.508841571907
RP pos 460 4815a0 8843,31688.261464153085,29930.987517395188,34368.02820599154,0.0,20130.61184255051,27517.769233165334,29780.864628541356,20885.038908318642,0.0,21885.379313261754,4695.735860997553,14762.24702796743,33171.46462182438,21666.75489150145,3708.9355646123004,15444.26133779298,11746.99014065246,25727.394180310526,0.0,7594.447557819419,20812.407598910348,16932.57757127295,31556.744173085808,12093.086051580525,31912.58889138674,35206.406463191786,31982.48261593755,13700.717978871615,0.0,33111.922922524194,33436.37942645933,34702.470664735796,28786.70081436896,32280.281230076933,29390.08936856306,20436.54575345365,31038.951166586146,24707.36150245519,24147.22364112715,13157.216528130368,25395.48457571547,8584.65124503148,15934.96740699673,26226.302056152203,23599.134045263596,20983.453699614318,29162.711541351022,33580.901841125364,26666.66227761339,27596.692348088724
RP pos 272 3545a3 5592,30188.259760857007,21596.221954724733,28764.73779043057,30188.51868365563,25358.10871154253,26601.52854288535,21826.208922711518,15344.462296310676,24252.278612932507,31552.86861552437,18356.09508895575,20232.26880877906,21931.842904489797,24855.24499723549,23821.12421190914,17281.282661667366,36902.727228375785,15040.149468135098,26162.605989636424,48026.130545985856,7026.475135226413,28794.08085260223,32810.45812247729,28173.458907540276,20230.325053998276,37390.06432226663,33889.18190036716,36139.324866088595,32205.374211911105,36480.385911188976,29451.806690912654,33775.32682199071,26275.067370953853,32811.808069693405,29360.405620620106,24601.230479115773,39636.2521629465,30174.92425565949,28482.646823057923,23819.349307635657,27111.37916995834,32040.553157762242,42814.199611121214,0.0,40064.05288564562,31132.240281092203,0.0,36065.04606849981,12676.605209177904,27473.773343932997
RP pos 409 2445a2 4149,29300.399471493372,17904.026654580724,14541.380980195243,15476.573567240832,29697.514065008585,28601.155019412683,23749.185956543137,22349.76121079453,13828.687163370483,21691.963341971314,15399.50459231013,34810.71486478764,23165.92720210908,31129.97053137437,19372.297479101962,24922.35752292041,19368.058408661287,26866.06061317103,19286.55719312012,20429.431316059985,11173.948956348639,21721.428420119493,17524.569989150026,17903.238674484066,22942.81403037561,32668.47692128103,35186.665458140764,25377.328386222962,0.0,35621.54566924092,32690.53661386089,29766.49870151581,22159.329356353282,30705.288118030654,0.0,26483.753805382657,0.0,31470.41837377376,33266.61045260034,23216.15632885628,31490.902271248997,30288.68907820239,19381.34187954005,25169.075973115843,16578.037482802996,35208.14407316732,27273.23558353538,23445.036830400404,23345.56267313095,30922.102669249933
RP pos 245 9925a3 6251,11071.65968699766,12568.008640978012,14165.398975248307,11163.5421529245,0.0,11448.587262087041,8306.4217453564,10294.79786463676,12730.435514948525,15545.06066813952,10915.28357971097,9665.083925653218,9770.794331360261,8438.247399763048,9042.005200869386,12211.636385834105,6356.2274182617575,8149.17135924863,6644.2132604179005,10093.847120432094,11096.098098912917,9222.01661071775,6827.739995027949,7766.731410353932,8162.551574641699,19480.035732991924,21867.845553553598,13151.076170429318,20304.28887653402,0.0,16604.89678994977,13855.067697008228,8771.705946349466,6652.51139010398,22311.647572363076,18634.19531145992,0.0,13529.496571910815,19006.22768645309,15536.511789190175,16619.049043738156,14504.389427088578,10972.781657920836,7345.686240160276,15837.068799984376,20850.493049723125,10072.539733634709,18494.471030348504,16663.676717124134,12472.566797133859
RP pos 369 1069a1 6271,10431.225517553368,0.0,8134.875130751102,16775.66269026202,13171.956838386697,13355.363317269876,10021.91828610322,16780.903208050262,0.0,12129.47417522535,9947.151465485753,10733.356482478159,11614.375879761168,15537.121280233338,14382.468046785856,14099.579295811553,11231.761304047572,11744.452244621334,11021.655890132231,8819.258156245547,11752.233589543162,13013.991171133242,0.0,9223.041284244835,10332.566941837413,21935.99327180713,19082.55081083478,13511.488431196933,28346.058779666164,14675.890601315043,22504.034768513284,20479.158744357163,20642.05741286147,21095.743768909226,19098.17419122673,22898.26716387789,15857.556037109376,22445.82048525167,26350.23930122674,16952.02152489295,21127.294214321977,18484.602985480822,20655.1024882128,24815.13174097106,26346.003943490596,22972.89209662846,18929.898742394897,22620.785288227915,26987.74063455937,25008.679284841466
RP pos 174 0715a4 3465,22689.438010755286,11294.472935975698,12701.249595116185,22131.117297207675,32268.378559807687,26267.984465908754,23653.491189133365,26581.739383516448,26524.530972881923,20784.5460376316,17103.160706527386,33853.07431754289,25352.708731680486,31295.98991970418,23764.879662102052,22921.691437027544,28070.59308328628,0.0,23936.581460902737,29001.93164293027,41206.649625931976,16619.000595306676,22018.582357639272,18367.209306964276,29416.709979127387,23648.659897439222,28056.473869411468,31664.425389023574,33168.58954660329,36712.9335903001,29038.506577247324,27573.537709527645,36227.613704391064,39635.80721942871,47150.23247865272,28172.420849155867,20339.02152611203,26239.92605979591,27882.79901418511,32777.96865342805,23082.44926500526,36028.79734701165,31904.536368505484,28639.749152914166,24041.324771220876,25356.247383313912,33915.80917977892,28611.449042698867,26221.18961117543,28970.586322572177
RP pos 324 6195a4 7743,10006.76235906953,13358.013134908366,9386.096003663159,6262.294426221349,9270.838179957274,7422.306965404307,7871.130270101352,15280.031843760682,0.0,0.0,12933.052208787163,11182.866416441691,8159.694917739201,7921.742545029529,9541.848255599385,5262.686916199207,7917.768277596509,6456.181590460808,7877.897020654295,4009.1557464479647,11489.980352779909,5468.468585678008,9014.754557848562,9514.644146874592,6401.168224817045,14234.895655136592,12474.310249996593,0.0,13302.189638808428,16426.47229550039,17987.973497141742,11836.335099641223,7327.618289186641,15574.48692001793,13350.498072170149,13536.587290170262,14079.44345490777,14976.711825731629,0.0,16770.026175190687,22150.167878057127,16525.4848017691,11640.2341968897,14213.757984084743,15587.281746149625,18378.359828167617,16175.924302364767,15897.229425274665,13959.332809117452,12778.743545406935
RP pos 149 432a4 1341,22817.971570221907,11525.1069401202,30683.505424181094,25244.328678292924,25574.091301713976,26464.556755817768,18099.19322475583,19054.012855147717,22059.900021476093,0.0,29170.77683265184,0.0,16959.140783963216,10417.521125338813,27811.9070097634,12992.714518721352,12406.463204002011,22814.478771842816,14385.251273137568,0.0,17341.963253484584,0.0,26834.829472348963,16344.527379972275,11959.987278203153,31619.611909516796,33711.77671434963,28762.51630499826,23268.254054357774,36389.022977900626,34092.977757020664,20104.762731521896,20281.810921348704,0.0,13016.118830593752,26539.301028068097,22053.934032842597,28511.94510162535,12439.346514622945,16565.159078620552,13639.776532054175,10592.954379159608,25079.404426339384,20235.120410120348,20254.780303838208,20245.179910369883,28880.19748614867,22813.313519297302,12817.885612968119,21834.398413264964
RP pos 461 5891a7 1505,14277.722587599372,14973.972524823896,4126.481045787519,21222.287169460822,19931.74086634159,0.0,15871.544594147892,15486.987920348667,22265.884426575372,17273.66884861231,21630.677903100215,27839.921177999346,14974.300285439213,17746.08866853503,16313.351200690118,23345.727364761507,21442.79004132342,18052.232065311026,17707.41797541444,19520.54430914213,22534.001727136227,22701.638208490152,19409.61647233641,12201.307466449427,15088.637974342002,22902.06532058325,23014.209998378774,21766.908557079456,26561.153006491975,30750.285238530185,37302.18294111319,26807.473651231656,30199.665955792716,25523.43894187092,32438.926982887766,33555.00016645544,29662.358266571453,26922.699997196818,21480.429878302682,26794.456131120696,28785.792760049037,25939.425298892576,33179.08323076374,24567.49448970595,22708.93434628514,35647.4429921936,29265.343084139666,0.0,23017.389858340728,33605.45409901483
RP pos 458 263a4 3477,9330.848179507007,11204.948468531351,13787.590347263496,0.0,6473.27236991137,0.0,0.0,9629.659782821229,14436.34529024077,12995.15698989747,13909.375964413437,16986.15780706449,7952.845424634228,14962.975868620191,9776.329532313432,9852.651663404342,8787.361406158505,11875.228695799447,7047.686530606666,8653.541512427011,12422.450614706442,7493.952769703478,19970.593942190815,16152.868938679538,7507.629962115422,22345.031832303594,16357.87963082811,21825.85490956008,0.0,20342.331574711683,8791.548103791829,20144.05059049462,12560.84259587733,17822.347094290584,22811.34595271342,26049.771867182528,18377.042594180373,17448.695480427028,18141.64503773657,20344.125682552214,20254.338601310264,8952.723424301406,14106.10833881921,15602.571544201299,17340.53946762427,15798.496159748493,16135.376939660857,19843.772231115767,18334.292256326135,15017.651713823196
RP pos 226 7218a3 1371,0.0,0.0,15098.868659560982,24627.17725071152,35872.68415515368,32553.97150479165,28471.458602706436,26067.475976150727,17776.499579920695,18572.560478077005,0.0,31317.14972819047,31763.05759098607,37360.20627416056,15971.610773273445,29497.181006743056,0.0,28041.324796655776,26660.783882650572,21350.865630913308,29924.461818068143,29264.681177809067,40699.74405904787,31060.55831545886,27469.47590005717,40303.29110118065,40627.33811378647,40832.24730281878,36310.110425218685,26594.756884880102,38840.46320406828,47285.452236068624,43665.4266943972,38085.706136747045,46321.388475349086,32672.843722293976,50914.416875070296,41162.87916584721,36030.48144292985,33907.41023384912,35191.687733032566,0.0,0.0,45430.53224685966,33152.08353317567,47095.95666558648,37155.3388682848,41465.625425106526,35878.09609126071,36023.76744047584
RP pos 280 3779a4 0424,12103.977718493617,8138.567345461919,8913.693158515363,12965.614001354419,5320.602272296515,19450.41685638479,13112.194328229134,16682.568767960533,7291.870690299282,16795.366651722594,15901.97261632294,11338.908899098127,15152.845947800404,11767.714163841398,13860.023342865325,0.0,4531.750801533774,12583.64051778947,14997.22930677614,6660.321609100493,13373.834417347101,15067.964332886388,14614.312828948692,0.0,14220.383507442595,13156.304451172897,0.0,21549.269399353972,19627.58443169193,21144.019585188686,22557.681256654865,16937.726566036818,23072.061293561346,27336.63031403859,21612.16696930714,12766.26099204418,0.0,15445.264956867632,19229.13339127058,19477.40512754629,19417.0091194585,22202.119447357432,0.0,18020.758888183747,15061.915508375068,18323.918279002322,22180.4717320825,19587.061620798304,13953.975395129028,16749.073726221155
RP pos 447 3232a2 2393,0.0,5282.6482063547755,4249.407231427919,2845.610909874917,4029.4376118319624,4285.135453803989,2575.8724770611275,3540.1383292609876,3620.724911919501,3765.301321485979,3109.231427674287,5139.099532035179,2685.98780989973,0.0,4391.167743497686,4079.7988713797104,3424.4768863618656,2490.1262936839744,2650.5800621827157,4766.255446276932,4877.576009163949,2500.6574313563133,5766.46923270725,2399.940389252137,2294.6734848677806,12027.308948249884,11021.808643070071,11759.069127789367,11111.581339333183,11552.067749897717,12676.140475519787,8971.788691946176,0.0,9686.707409058748,9896.572662433377,12135.620837863244,9025.173408091006,10909.142247762542,11272.711935065312,11139.160455802996,7632.699783491061,13065.362566888887,10522.171640947845,7752.091216299738,0.0,7375.840271177764,10492.998593356784,10073.470143216538,8802.605540133402,9794.66830951743
RP pos 453 282a5 128,16593.213038061003,16456.868886804918,25383.546549108778,26861.323978100794,0.0,21404.727851761225,18569.858950651116,32856.21142705072,27111.26584428028,19555.88259283042,31360.773969629,16370.35134335621,20703.88924878583,8949.3166593671,21478.433915267702,11279.085603159978,31771.0567222702,33249.55337488444,0.0,18176.657704818255,16993.28742878607,0.0,35295.28564828548,33334.82295209225,19821.015004131506,0.0,20709.912081940267,32194.59963532204,35804.58933891835,28140.247035870783,20486.390288276685,33964.452453214915,36922.25566872216,27478.789127306678,36658.94402101853,38534.169519416995,30315.59637460924,37549.12427418094,19704.18545929502,36067.646137014955,38262.86424496164,40900.32713279685,39820.367825437046,39875.21048729479,31421.477336974665,32255.583612906117,30470.377991615216,29363.045142344003,39144.78093417977,40218.95763741341
RP pos 153 9636a7 9986,0.0,7826.64495004299,8799.517538757791,6834.312165412545,0.0,7979.7399877867165,9608.796718178823,3696.6836046390854,9061.353868672022,7919.092031854733,5072.799216817717,6147.845570425663,11261.859341893654,7234.79736500049,8559.524509835835,0.0,2517.8793613205034,6553.339579657849,10397.230765659606,3296.752766241886,11442.196357438712,9290.14579179326,8864.198555381488,0.0,0.0,15303.343580100764,0.0,18607.787571711553,10638.601349587447,14772.907073959297,11901.897674487685,15498.365901776964,10534.251592048706,15343.994955998001,10007.282700670978,12337.742775008977,16190.03221700807,12215.014798548495,13053.716599717498,11206.934819252929,12521.31236016302,0.0,9960.174627961536,9804.543904808968,14787.762918424185,9387.236669529582,15214.664980212156,0.0,11958.438366269918,10615.14989669415
